Municipality,Latitude,Longitude
100 Mile House,51.64,-121.29
108 Mile Ranch,51.75,-121.35
70 Mile House,51.3,-121.4
Abbey,50.73,-108.75
Abbotsford,49.05,-122.32
Abercorn,45.03,-72.66
Abercrombie,45.63,-62.69
Aberdeen,44.21,-80.86
Aberfoyle,43.47,-80.14
Abernethy,50.74,-103.41
Acadia Valley,51.15,-110.2
Acadieville,46.72,-65.26
Acme,51.49,-113.5
Actinolite,44.54,-77.32
Acton,45.74,-66.95
Acton Vale,45.65,-72.56
Adams Lake,50.96,-119.68
Admiral,49.71,-108.01
Admirals Beach,47.01,-53.59
Advocate Harbour,45.33,-64.77
Ailsa Craig,43.15,-81.53
Airdrie,51.29,-114.01
Ajax,43.85,-79.03
Alameda,49.26,-102.28
Alban,46.1,-80.62
Albanel,48.88,-72.45
Alberta Beach,53.67,-114.35
Alberton,43.18,-80.07
Albertville,48.31,-67.36
Alcona,44.31,-79.54
Alder Flats,52.93,-114.95
Alder Point,46.29,-60.28
Aldergrove,49.05,-122.46
Aldouane,46.62,-65.05
Alert Bay,50.58,-126.92
Alexander,49.83,-100.29
Alexandria,45.3,-74.63
Alexis Creek,52.08,-123.28
Alfred,45.55,-74.88
Alida,49.38,-101.87
Alix,52.39,-113.17
Alkali Lake,51.78,-122.23
Allan,44.61,-77.47
Allardville,47.47,-65.49
Allenford,44.53,-81.17
Alliance,52.43,-111.78
Alliston,44.15,-79.86
Alma,43.73,-80.5
Almonte,45.22,-76.19
Alonsa,50.79,-98.97
Alsask,51.37,-109.99
Altario,51.91,-110.16
Altona,43.97,-79.19
Alvinston,42.82,-81.86
Amaranth,43.97,-80.23
Ameliasburg,44.05,-77.43
Amherst,45.83,-64.21
Amherstburg,42.1,-83.1
Amisk,52.56,-111.05
Amos,48.56,-78.11
Amqui,48.46,-67.43
Anahim Lake,52.46,-125.31
Anderson Road,46.86,-67.5
Andrew,53.87,-112.33
Ange-Gardien,45.35,-72.93
Anglemont,50.96,-119.16
Angliers,47.55,-79.23
Angusville,50.73,-101.02
Annaheim,52.32,-104.81
Annapolis Royal,44.74,-65.51
Anola,49.88,-96.63
Anse-Bleue,47.82,-65.08
Anten Mills,44.48,-79.82
Antigonish,45.62,-61.99
Antler,49.56,-101.45
Anzac,56.44,-111.03
Apohaqui,45.69,-65.59
Apsley,44.75,-78.08
Arborfield,53.1,-103.66
Arborg,50.9,-97.21
Archerwill,52.43,-103.86
Arcola,49.63,-102.49
Arden,44.72,-76.92
Ardmore,54.33,-110.48
Argenta,50.16,-116.91
Arichat,45.51,-61.01
Arkona,43.08,-81.82
Armagh,46.75,-70.58
Armstrong,45.94,-70.44
Arnold's Cove,47.76,-53.99
Arnprior,45.43,-76.35
Aroostook,46.8,-67.72
Arrowwood,50.73,-113.14
Arthur,43.83,-80.53
Arthurette,46.79,-67.48
Asbestos,45.76,-71.93
Ashcroft,50.72,-121.28
Ashern,51.18,-98.34
Ashmont,54.12,-111.56
Aspen,45.3,-62.05
Aspen Cove,53.54,-108.68
Asquith,52.13,-107.22
Assiniboia,49.62,-105.98
Assumption,44.27,-78.26
Astorville,46.18,-79.27
Athabasca,54.71,-113.28
Athens,44.62,-75.93
Atholville,47.98,-66.72
Atikokan,48.75,-91.62
Atlin,59.56,-133.7
Attawapiskat,52.92,-82.42
Aupaluk,59.3,-69.6
Aurora,43.99,-79.46
Austin,45.18,-72.28
Australian,52.73,-122.45
Avola,51.78,-119.31
Avonlea,50.01,-105.05
Avonmore,53.5,-113.45
Avonport,45.1,-64.25
Ayer's Cliff,45.16,-72.05
Aylesford,45.02,-64.83
Aylmer,42.78,-80.98
Aylsham,53.19,-103.8
Ayr,43.28,-80.45
Ayton,44.05,-80.92
Baddeck,46.1,-60.75
Badger,48.97,-56.04
Baie Verte,46.01,-64.1
Baie-Comeau,49.21,-68.15
Baie-des-Sables,48.71,-67.85
Baie-du-Febvre,46.13,-72.71
Baie-Johan-Beetz,50.28,-62.8
Baie-Saint-Paul,47.45,-70.5
Baie-Trinité,49.41,-67.3
Bala,45.01,-79.61
Balcarres,50.8,-103.54
Baldur,49.38,-99.24
Balfour,49.62,-116.96
Balgonie,50.49,-104.26
Balmoral,42.91,-79.96
Bamfield,48.83,-125.13
Bancroft,45.05,-77.75
Banff,51.17,-115.57
Bannockburn,44.64,-77.55
Barachois,46.22,-64.44
Barnesville,45.44,-65.73
Barnston,45.1,-71.88
Barnwell,49.76,-112.26
Barraute,48.43,-77.63
Barrhead,54.12,-114.4
Barrie,44.37,-79.67
Barrington,43.56,-65.56
Barrows,52.82,-101.44
Barry's Bay,45.48,-77.68
Barryville,47.15,-65.24
Bas-Caraquet,47.8,-64.83
Bashaw,52.58,-112.97
Bass River,45.41,-63.77
Bassano,50.78,-112.46
Batawa,44.17,-77.59
Batchawana Bay,46.92,-84.6
Bath,44.18,-76.77
Bathurst,47.62,-65.62
Battersea,44.43,-76.38
Battleford,52.73,-108.31
Bawlf,52.91,-112.46
Baxter,44.24,-79.83
Bay Bulls,47.32,-52.79
Bay de Verde,48.1,-52.88
Bay L'Argent,47.54,-54.88
Bay Roberts,47.58,-53.29
Bayfield,43.55,-81.69
Baynes Lake,49.23,-115.21
Bayside,44.12,-77.5
Baysville,45.14,-79.11
Beachburg,45.73,-76.85
Beachville,43.09,-80.82
Beamsville,43.16,-79.47
Bear Lake,45.45,-79.58
Beardmore,49.6,-87.95
Béarn,47.28,-79.33
Bearskin Lake,53.89,-90.95
Beaucanton,49.03,-79.23
Beauceville,46.2,-70.78
Beauharnois,45.31,-73.86
Beaulac-Garthby,45.83,-71.38
Beaumont,45.88,-64.57
Beausejour,50.06,-96.51
Beauval,55.14,-107.62
Beaver Creek,49.31,-124.9
Beaverdell,49.43,-119.08
Beaverlodge,55.2,-119.42
Bécancour,46.33,-72.43
Bedford,44.62,-76.56
Beechwood,42.47,-81.9
Beechy,50.87,-107.38
Bégin,48.66,-71.33
Beiseker,51.38,-113.53
Belgrave,43.81,-81.36
Bella Coola,52.38,-126.75
Belle River,42.29,-82.7
Belledune,47.86,-65.92
Belleisle Creek,45.71,-65.75
Belleoram,47.52,-55.41
Belleterre,47.38,-78.7
Belleville,43.85,-65.92
Belliveaus Cove,44.38,-66.06
Belmont,42.88,-81.08
Beloeil,45.56,-73.2
Belwood,43.79,-80.32
Bengough,49.39,-105.12
Benito,51.91,-101.54
Bentley,52.46,-114.05
Benton,45.98,-67.6
Berens River,52.36,-97.02
Beresford,47.71,-65.7
Berkeley,44.36,-80.72
Berthierville,46.08,-73.18
Bertrand,47.74,-65.07
Berwick,45.04,-64.73
Berwyn,56.14,-117.73
Bethany,44.17,-77.03
Bethune,50.71,-105.2
Bewdley,44.08,-78.32
Bezanson,55.22,-118.36
Bible Hill,45.37,-63.25
Biencourt,47.93,-68.6
Bienfait,49.13,-102.8
Big Bay,44.79,-80.94
Big Beaver,49.09,-105.17
Big Cove,45.76,-65.94
Big River,47.57,-65.66
Big Valley,52.03,-112.75
Biggar,52.06,-107.97
Binbrook,43.12,-79.8
Binscarth,50.62,-101.28
Birch Hills,52.98,-105.43
Birch Island,46.06,-81.77
Birch River,52.39,-101.1
Birchy Bay,49.32,-54.73
Birken,50.48,-122.61
Birtle,50.42,-101.04
Bishop's Falls,49.02,-55.48
Bishopton,45.58,-71.58
Bissett,51.02,-95.68
Bittern Lake,53.0,-113.05
Bjorkdale,52.7,-103.64
Black Diamond,50.68,-114.23
Blackfalds,52.37,-113.79
Blackfoot,53.28,-110.17
Blackie,50.6,-113.62
Blacks Harbour,45.05,-66.78
Blackville,46.73,-65.83
Blaine Lake,52.82,-106.88
Blainville,45.66,-73.88
Blairmore,49.6,-114.44
Blanc-Sablon,51.41,-57.13
Blenheim,42.33,-81.99
Blind Bay,44.52,-63.82
Blind River,46.18,-82.96
Bloodvein,51.79,-96.7
Bloomfield,43.98,-77.23
Blue Mountains,44.47,-80.4
Blue Ridge,54.12,-115.37
Blue River,52.1,-119.3
Blueberry Creek,49.25,-117.66
Bluesky,56.07,-118.23
Bluewater,43.47,-81.6
Bluffton,52.74,-114.29
Blumenort,49.6,-96.68
Blyth,43.73,-81.42
Bobcaygeon,44.54,-78.55
Bodo,52.15,-110.07
Boiestown,46.45,-66.41
Boissevain,49.23,-100.05
Bolton,43.88,-79.73
Bon Accord,46.65,-67.58
Bonaventure,48.05,-65.48
Bonfield,46.23,-79.14
Bonny River,45.2,-66.85
Bonnyville,54.26,-110.73
Borden,44.28,-79.89
Borden-Carleton,46.26,-63.67
Boston Bar,49.86,-121.43
Botha,52.3,-112.52
Bothwell,42.63,-81.87
Botwood,49.13,-55.37
Boucherville,45.6,-73.45
Bouchette,46.21,-75.96
Bouctouche,46.46,-64.74
Boutiliers Point,44.66,-63.94
Bow Island,49.86,-111.37
Bowden,51.93,-114.03
Bowmanville,43.91,-78.68
Bowsman,52.23,-101.2
Boyle,43.01,-79.41
Bracebridge,45.02,-79.19
Brackendale,49.76,-123.15
Bradford,44.11,-79.56
Bradford West Gwillimbury,44.13,-79.61
Braeside,45.46,-76.4
Bragg Creek,50.95,-114.56
Brampton,43.68,-79.76
Branch,46.88,-53.96
Brandon,49.75,-117.45
Brantford,43.15,-80.25
Brantville,47.37,-64.96
Brechin,44.54,-79.17
Bredenbury,50.94,-102.04
Breton,53.1,-114.47
Bridgetown,44.84,-65.29
Bridgewater,44.37,-64.51
Briercrest,50.16,-105.26
Brigden,42.81,-82.28
Brighton,44.04,-77.73
Brights Grove,43.03,-82.25
Brigus,47.53,-53.21
Brisco,50.83,-116.26
Bristol,45.53,-76.46
Britannia Beach,49.62,-123.2
Britt,45.77,-80.55
Broadview,50.37,-102.57
Brochet,57.87,-101.67
Brock,44.28,-79.1
Brocket,49.54,-113.74
Brockville,44.59,-75.68
Brokenhead Reserve,50.37,-96.62
Brome,45.2,-72.56
Bromont,45.31,-72.65
Brookdale,45.8,-64.16
Brookfield,42.96,-79.16
Brooklin,43.95,-78.95
Brooklyn,43.86,-66.07
Brooks,50.56,-111.89
Browns Flat,45.47,-66.13
Brownvale,56.12,-117.89
Bruce Mines,46.3,-83.79
Bruderheim,53.79,-112.92
Bruno,52.26,-105.52
Brussels,43.74,-81.25
Bryson,45.14,-73.93
Buchanan,43.23,-79.89
Buchans,48.82,-56.84
Buck Lake,44.52,-76.45
Buckingham,45.58,-75.4
Buffalo Narrows,55.87,-108.52
Buick,56.75,-121.27
Burdett,49.83,-111.53
Burford,43.1,-80.42
Burgeo,47.61,-57.62
Burin,47.08,-55.17
Burk's Falls,45.62,-79.4
Burlington,43.37,-79.81
Burnaby,42.86,-79.35
Burns Lake,54.23,-125.76
Burstall,50.65,-109.9
Burton,44.12,-78.73
Burtts Corner,46.05,-66.87
Bury,45.46,-71.5
Busby,53.94,-113.89
Cabano,47.68,-68.88
Cabri,50.62,-108.46
Cache Creek,50.81,-121.32
Cacouna,47.91,-69.5
Cadillac,48.22,-78.38
Cadomin,53.02,-117.32
Cadotte Lake,56.46,-116.38
Calabogie,45.3,-76.71
Calahoo,53.71,-113.95
Calder,51.15,-101.74
Caledon,43.86,-79.85
Caledon Village,43.86,-79.99
Caledonia,43.07,-79.95
Calgary,51.04,-114.05
Callander,46.17,-79.4
Calling Lake,55.21,-113.19
Calmar,53.25,-113.81
Cambray,44.4,-78.83
Cambridge,43.39,-80.31
Cambridge-Narrows,45.81,-65.96
Camden East,44.33,-76.83
Campbell River,50.02,-125.24
Campbellford,44.3,-77.79
Campbell's Bay,45.73,-76.6
Campbellton,42.68,-81.58
Camrose,53.02,-112.82
Canal Flats,50.16,-115.8
Candle Lake,53.78,-105.25
Cando,52.38,-108.23
Canmore,51.08,-115.36
Canning,43.19,-80.46
Canora,51.63,-102.43
Canso,45.33,-60.99
Canterbury,45.5,-71.35
Canton,43.99,-78.35
Canwood,53.35,-106.6
Cap-aux-Meules,47.38,-61.86
Cap-Chat,49.1,-66.68
Cap-de-la-Madeleine,46.37,-72.51
Cape Breton,46.2,-64.74
Cape Broyle,47.09,-52.94
Cape Croker,44.92,-81.02
Cape George,45.72,-60.81
Cape St. George,48.49,-59.18
Cape Tormentine,46.12,-63.78
Caplan,48.1,-65.68
Capreol,46.7,-80.91
Cap-Saint-Ignace,47.03,-70.46
Caramat,49.61,-86.12
Caraquet,47.76,-64.95
Carberry,49.86,-99.35
Carbon,51.48,-113.15
Carbonear,47.73,-53.23
Cardiff,44.99,-78.01
Cardinal,44.79,-75.38
Cardston,49.2,-113.3
Carievale,49.17,-101.62
Carleton Place,45.13,-76.14
Carleton-sur-Mer,48.1,-66.13
Carlisle,43.12,-81.48
Carlyle,49.63,-102.26
Carlyle Lake Resort,49.75,-102.26
Carman,44.11,-77.72
Carmangay,50.12,-113.11
Carmanville,49.36,-54.29
Carnduff,49.17,-101.79
Caroline,52.09,-114.74
Caronport,50.45,-105.81
Carp,45.34,-76.03
Carrot River,53.28,-103.58
Carseland,50.85,-113.46
Carsonville,45.85,-65.52
Carstairs,51.56,-114.09
Cartier,46.7,-81.55
Cartwright,49.09,-99.34
Casselman,45.31,-75.08
Castalia,44.73,-66.75
Castlegar,49.32,-117.66
Castor,52.21,-111.9
Causapscal,48.36,-67.23
Cawston,49.18,-119.76
Cayley,50.44,-113.84
Cayuga,42.95,-79.85
Cedar,49.11,-123.85
Cedar Croft,45.64,-79.71
Central Bedeque,46.33,-63.7
Central Butte,50.79,-106.5
Central Saanich,48.59,-123.42
Centreville,43.05,-80.85
Centreville-Wareham-Trinity,49.0,-53.92
Cereal,51.41,-110.8
Ceylon,44.24,-80.57
Chalk River,46.01,-77.45
Chamberlain,47.85,-79.9
Chambly,45.44,-73.29
Chambord,48.43,-72.06
Champion,50.23,-113.14
Champlain,45.17,-67.17
Chance Cove,47.66,-53.83
Chandler,48.35,-64.68
Channel-Port aux Basques,47.59,-59.13
Chapais,47.0,-69.84
Chapeau,45.91,-77.07
Chapel Arm,47.5,-53.66
Chapleau,47.8,-83.43
Chaplin,45.2,-62.84
Charlie Lake,56.28,-120.95
Charlo,47.99,-66.3
Charlottetown,46.24,-63.13
Charlton,47.81,-80.0
Chase,50.81,-119.68
Châteauguay,45.38,-73.75
Château-Richer,46.96,-71.01
Chatham,42.39,-82.18
Chatham-Kent,42.43,-82.12
Chatsworth,44.38,-80.88
Chauvin,52.69,-110.14
Chelmsford,46.57,-81.19
Chemainus,48.91,-123.71
Chepstow,44.15,-81.27
Cherhill,53.81,-114.67
Cherry Valley,43.93,-77.15
Cherryville,50.24,-118.61
Chesley,44.29,-81.09
Chester,44.54,-64.24
Chestermere,51.03,-113.81
Chesterville,45.1,-75.23
Chetwynd,45.62,-79.32
Chibougamau,49.91,-74.36
Chicoutimi,48.41,-71.06
Chilliwack,49.15,-121.95
Chipewyan Lake,56.94,-113.47
Chipman,46.17,-65.87
Chippawa Hill,44.51,-81.33
Chisasibi,53.63,-78.76
Chitek Lake,53.75,-107.72
Choiceland,53.49,-104.48
Chortitz,49.13,-97.97
Christian Island,44.82,-80.17
Christian Valley,46.07,-79.48
Christina Lake,49.04,-118.2
Christopher Lake,53.53,-105.78
Churchbridge,50.89,-101.89
Churchill,43.65,-80.05
Chute-aux-Outardes,49.11,-68.4
Clair,47.25,-68.6
Clairmont,55.26,-118.79
Claremont,43.97,-79.12
Clarence Creek,45.5,-75.21
Clarence-Rockland,45.48,-75.21
Clarenville,48.18,-54.05
Claresholm,50.01,-113.58
Clarington,43.99,-78.67
Clarke's Beach,47.53,-53.3
Clearwater,49.13,-99.03
Clermont,47.68,-70.23
Clifford,43.96,-80.97
Climax,49.2,-108.38
Clinton,43.61,-81.53
Clive,52.47,-113.44
Cloridorme,49.18,-64.83
Cloyne,44.81,-77.18
Clyde,43.38,-80.22
Clyde River,43.63,-65.48
Coal Harbour,50.6,-127.58
Coaldale,49.72,-112.61
Coalhurst,49.74,-112.92
Coaticook,45.13,-71.8
Cobalt,47.39,-79.68
Cobble Hill,43.11,-81.09
Cobden,45.62,-76.88
Coboconk,44.65,-78.79
Cobourg,43.96,-78.16
Cocagne,46.33,-64.61
Cochin,53.07,-108.33
Cochrane,49.07,-81.02
Coderre,50.13,-106.38
Codette,53.28,-104.03
Codroy,47.88,-59.39
Coe Hill,44.86,-77.83
Colborne,42.86,-80.31
Colchester,41.98,-82.93
Cold Lake,54.45,-110.16
Coldstream,43.01,-81.49
Coldwater,44.7,-79.64
Cole Bay,55.09,-108.32
Coleman,47.36,-79.75
Coleraine,43.82,-79.67
Coles Island,45.89,-64.32
Coleville,51.7,-109.24
Colinet,47.21,-53.54
Colinton,54.62,-113.25
Collette,46.77,-65.45
Collettville,50.1,-120.8
Collingwood,44.5,-80.24
Colombier,48.86,-68.85
Colonsay,51.97,-105.87
Combermere,45.36,-77.62
Come By Chance,47.84,-53.98
Comox,49.67,-124.92
Compton,45.23,-71.81
Conception Bay South,47.49,-52.99
Conche,50.89,-55.88
Congress,49.75,-106.02
Conklin,55.63,-111.07
Conn,43.99,-80.56
Conquest,51.52,-107.24
Consecon,43.99,-77.52
Consort,52.0,-110.77
Constance Bay,45.48,-76.07
Consul,49.29,-109.52
Contrecoeur,45.85,-73.23
Cook's Harbour,51.6,-55.86
Cookshire,45.41,-71.63
Cookstown,44.19,-79.7
Cooper Creek,50.2,-116.96
Coquitlam,49.28,-122.79
Cormack,49.31,-57.38
Cormorant,54.22,-100.6
Corner Brook,48.94,-57.97
Corning,49.95,-102.97
Cornwall,45.02,-74.72
Coronach,49.1,-105.51
Coronation,52.09,-111.44
Corunna,42.88,-82.44
Cottam,42.12,-82.74
Courtenay,49.68,-124.99
Courtright,42.81,-82.46
Coutts,49.0,-111.95
Cow Head,49.91,-57.76
Cowan,52.03,-100.64
Cowansville,45.2,-72.75
Cowichan Bay,48.73,-123.61
Cowley,49.57,-114.07
Cox's Cove,49.11,-58.08
Crabtree,45.96,-73.46
Craik,51.04,-105.81
Cranberry Portage,54.58,-101.37
Cranbrook,43.7,-81.19
Crane River,51.53,-99.28
Crapaud,46.23,-63.49
Craven,50.7,-104.8
Crawford Bay,49.68,-116.81
Creelman,49.82,-103.31
Creemore,44.32,-80.1
Creighton,44.61,-79.59
Creignish,45.73,-61.45
Cremona,51.54,-114.49
Creston,49.09,-116.51
Croque,51.05,-55.82
Cross Lake,45.41,-77.92
Cross Roads Country Harbour,45.27,-61.88
Crossfield,51.43,-114.03
Crow Lake,44.73,-76.6
Crowsnest Pass,49.58,-114.5
Crysler,45.21,-75.15
Crystal Beach,42.86,-79.05
Crystal City,49.14,-98.94
Cudworth,52.49,-105.73
Cultus Lake,49.06,-121.96
Cumberland,45.43,-75.43
Cumberland Bay,46.03,-65.86
Cumberland House,53.94,-102.31
Cupar,50.94,-104.21
Cupids,47.54,-53.22
Curve Lake,44.46,-78.37
Cut Knife,52.74,-109.01
Cypress River,49.55,-99.08
Czar,52.45,-110.82
Dalhousie,44.68,-64.93
Dalmeny,45.14,-75.53
Danville,45.78,-72.01
Dartmouth,44.67,-63.57
Daulnay,47.41,-65.45
Dauphin,51.14,-100.04
Daveluyville,46.2,-72.13
Davidson,45.86,-76.76
Davis Inlet,55.88,-60.9
Dawson,48.76,-94.51
Dawson Creek,55.76,-120.23
Daysland,52.86,-112.25
Dealtown,42.24,-82.09
Dease Lake,58.43,-130.02
Debden,53.52,-106.87
Debec,46.07,-67.68
Debert,45.43,-63.45
DeBolt,55.22,-118.02
Decker Lake,54.3,-125.83
Deep Brook,44.63,-65.65
Deep River,46.05,-77.41
Deer Lake,45.05,-78.08
Deer Park,43.67,-79.41
Dégelis,47.55,-68.65
Delburne,52.19,-113.23
Delhi,42.84,-80.49
Delia,51.63,-112.37
Delisle,48.6,-71.62
Delmas,52.92,-108.6
Deloraine,49.19,-100.49
Deloro,44.51,-77.62
Delta,44.6,-76.12
Demorestville,44.09,-77.2
Denare Beach,54.65,-102.07
Denbigh,45.13,-77.27
Denman Island,49.53,-124.81
Denzil,52.22,-109.65
Derwent,42.92,-81.09
Desbarats,46.34,-83.92
Desbiens,48.41,-71.95
Deschaillons-sur-Saint-Laurent,46.55,-72.12
Deschambault,46.65,-71.92
Deschambault Lake,54.91,-103.36
Deseronto,44.19,-77.05
Deux-Rivières,46.24,-78.29
Devlin,48.61,-93.67
Devon,44.91,-63.4
Dewberry,53.58,-110.52
Didsbury,51.65,-114.13
Didyme,48.9,-72.66
Dieppe,46.07,-64.68
Digby,44.62,-65.75
Dilke,50.86,-105.25
Dillon,45.42,-80.32
Dinsmore,51.33,-107.44
Disraeli,45.9,-71.35
District of Katepwa,50.7,-103.63
Dixonville,56.53,-117.67
Dixville,45.06,-71.76
Doaktown,46.56,-66.11
Dodsland,51.8,-108.83
Dog Creek,50.9,-98.59
Dogwood Valley,49.48,-121.41
Dolbeau-Mistassini,48.88,-72.23
Dominion City,49.14,-97.15
Domremy,52.78,-105.73
Donald,44.98,-78.53
Donalda,52.58,-112.57
Donnacona,46.67,-71.72
Donnelly,55.72,-117.1
Dorchester,42.98,-81.05
Dore Lake,54.62,-107.4
Dorintosh,54.35,-108.62
Dorset,45.24,-78.89
Dosquet,46.46,-71.53
Douglas,45.5,-76.93
Douglas Lake,50.16,-120.2
Douglastown,42.97,-79.02
Dover,45.28,-61.04
Drake,51.74,-105.01
Drayton,43.75,-80.67
Drayton Valley,53.22,-114.98
Dresden,42.59,-82.18
Drinkwater,50.29,-105.13
Drumbo,43.23,-80.55
Drumheller,51.46,-112.71
Drummond,44.25,-78.22
Drummondville,45.88,-72.48
Dryden,43.81,-80.88
Dubreuilville,48.33,-84.57
Duchess,50.73,-111.9
Duck Bay,52.17,-100.14
Duck Lake,52.81,-106.22
Dunblane,51.18,-106.86
Duncan,44.42,-80.47
Dundalk,44.17,-80.39
Dundurn,51.8,-106.5
Dunham,45.13,-72.8
Dunmore,45.52,-61.91
Dunnottar,50.45,-96.94
Dunnville,42.9,-79.61
Dunsford,44.45,-78.64
Duparquet,48.5,-79.23
Dupuy,48.83,-79.35
Durham,44.17,-80.81
Durham-Sud,45.66,-72.33
Dutton,42.66,-81.5
Duval,51.15,-104.99
Dwight,45.33,-79.01
Dysart,50.94,-104.03
Eagle Lake,45.12,-78.5
Eagle River,49.79,-93.19
Earl Grey,50.93,-104.71
Earlton,47.71,-79.82
East Angus,45.48,-71.66
East Braintree,49.61,-95.62
East Broughton,46.21,-71.06
East Gwillimbury,44.13,-79.42
East Jeddore,44.72,-63.0
East Kemptville,44.07,-65.77
Eastend,49.51,-108.81
Eastern Passage,44.61,-63.47
Easterville,53.1,-99.81
Eastmain,52.25,-78.5
Eastman,45.3,-72.31
Eastport,48.66,-53.76
Eatonia,51.22,-109.38
Ebenezer,43.77,-79.66
Echo Bay,46.48,-84.06
Eckville,52.36,-114.36
Economy,45.38,-63.91
Ecum Secum,44.96,-62.13
Edam,53.18,-108.76
Edberg,52.78,-112.78
Eden Mills,43.57,-80.14
Edenwold,50.63,-104.25
Edgerton,52.75,-110.45
Edgewater,50.69,-116.13
Edgewood,49.78,-118.14
Edmonton,53.53,-113.49
Edmundston,47.37,-68.29
Edson,53.58,-116.43
Eel Ground,46.96,-65.62
Eel River Crossing,48.01,-66.42
Eganville,45.54,-77.09
Elbow,51.12,-106.59
Eldon,44.5,-79.01
Elfros,51.74,-103.86
Elgin,45.01,-74.26
Elie,49.9,-97.75
Elizabeth Metis Settlement,54.11,-110.08
Elk Lake,47.73,-80.33
Elk Point,53.9,-110.9
Elkford,50.02,-114.92
Elkhorn,49.97,-101.23
Elko,49.3,-115.11
Ellershouse,44.94,-64.0
Elliot Lake,46.38,-82.65
Elm Creek,49.67,-97.99
Elma,45.01,-75.23
Elmira,43.59,-80.56
Elmsdale,44.96,-63.5
Elmvale,44.58,-79.86
Elmwood,44.22,-76.62
Elnora,51.99,-113.2
Elora,43.68,-80.42
Elrose,51.2,-108.03
Embree,49.3,-55.04
Embro,43.15,-80.9
Embrun,45.27,-75.27
Emerson,46.45,-65.12
Emo,48.63,-93.83
Empress,50.95,-110.0
Emsdale,45.52,-79.31
Enchant,50.17,-112.42
Endeavour,52.16,-102.65
Enderby,50.55,-119.13
Enfield,44.02,-78.83
Englee,50.76,-56.07
Englefeld,52.16,-104.65
Englehart,47.82,-79.87
English Harbour East,47.64,-54.89
Ennismore,44.4,-78.43
Enterprise,44.46,-76.87
Erickson,49.09,-116.46
Erieau,42.26,-81.92
Eriksdale,50.86,-98.1
Erin,43.74,-80.12
Errington,49.28,-124.36
Erskine,52.32,-112.87
Espanola,46.24,-81.75
Esquimalt,48.42,-123.41
Essex,42.09,-82.9
Estaire,46.31,-80.79
Estcourt,47.46,-69.22
Esterhazy,50.65,-102.07
Estevan,49.13,-102.98
Eston,51.14,-108.75
Ethelbert,51.52,-100.39
Etzikom,49.47,-111.1
Eugenia,44.31,-80.51
Eureka,45.49,-62.68
Évain,48.24,-79.13
Evangeline,46.23,-64.69
Evansburg,53.6,-115.01
Everett,47.05,-67.31
Exeter,43.35,-81.48
Exshaw,51.06,-115.16
Eyebrow,50.79,-106.15
Fabre,47.19,-79.36
Fairisle,47.27,-65.12
Fairmont Hot Springs,50.33,-115.85
Fairview,42.73,-80.88
Falcon Lake,49.68,-95.32
Falher,55.73,-117.2
Falkland,43.17,-80.43
Fall River,44.81,-63.61
Falmouth,44.99,-64.16
False Bay,49.49,-124.34
Fanny Bay,49.49,-124.81
Farnham,43.52,-80.18
Fassett,45.65,-74.86
Fauquier,49.31,-82.03
Faust,55.31,-115.62
Fawcett,54.54,-114.09
Fenelon Falls,44.53,-78.73
Fenwick,43.02,-79.36
Fergus,43.7,-80.37
Ferintosh,52.76,-112.97
Ferme-Neuve,46.7,-75.45
Fermeuse,46.97,-52.97
Fermont,52.78,-67.08
Ferndale,43.77,-79.92
Fernie,49.5,-115.06
Ferryland,47.03,-52.9
Field,46.52,-80.02
Fife Lake,49.19,-105.73
Fillmore,49.87,-103.43
Finch,45.14,-75.08
Fingal,42.71,-81.31
Fisher Branch,51.08,-97.62
Fisher River Cree Nation,51.43,-97.36
Fitzroy Harbour,45.47,-76.21
Five Islands,45.41,-64.04
Flatrock,47.7,-52.73
Flaxcombe,51.47,-109.6
Flesherton,44.26,-80.55
Fleur de Lys,50.13,-56.15
Flin Flon,54.76,-101.86
Flinton,44.69,-77.21
Florence,46.25,-60.26
Flower's Cove,51.29,-56.72
Foam Lake,51.64,-103.53
Foleyet,48.24,-82.43
Fond-du-Lac,59.31,-107.2
Fonthill,43.04,-79.28
Fordwich,43.87,-81.03
Foremost,49.47,-111.44
Forest,43.1,-82.0
Forest Grove,51.76,-121.1
Forestburg,52.58,-112.06
Foresters Falls,45.67,-76.78
Forestville,42.69,-80.38
Formosa,44.06,-81.21
Fort Babine,55.31,-126.62
Fort Chipewyan,58.71,-111.15
Fort Erie,42.92,-79.02
Fort Frances,48.61,-93.39
Fort Fraser,54.06,-124.55
Fort Hope,51.55,-87.9
Fort Kent,54.31,-110.6
Fort Langley,49.16,-122.58
Fort MacKay,57.18,-111.59
Fort Macleod,49.72,-113.4
Fort Nelson,58.8,-122.69
Fort Qu'Appelle,50.76,-103.79
Fort San,50.8,-103.81
Fort Saskatchewan,53.71,-113.21
Fort St. James,54.44,-124.25
Fort St. John,56.25,-120.84
Fort Vermilion,58.39,-116.01
Fort-Coulonge,45.85,-76.73
Forteau,51.49,-56.94
Fortierville,46.48,-72.03
Fortune,47.04,-55.86
Fosterville,45.8,-67.76
Four Falls,46.82,-67.73
Fox Creek,46.05,-64.69
Fox Harbour,45.85,-63.45
Fox Lake,58.46,-114.53
Fox Point,44.61,-64.05
Fox Valley,50.46,-109.48
Foxboro,44.24,-77.43
Foxwarren,50.51,-101.15
Foymount,45.43,-77.3
Frampton,46.46,-70.8
Francis,50.1,-103.86
Frankford,44.2,-77.59
Franktown,45.04,-76.05
Frankville,44.72,-75.96
Fraser Lake,54.06,-124.84
Fraserville,44.2,-78.38
Fredericton,45.94,-66.66
Fredericton Junction,45.66,-66.61
Freeport,44.27,-66.32
Frelighsburg,45.05,-72.83
French River,45.57,-62.42
Frenchman Butte,53.59,-109.63
Frobisher,49.2,-102.42
Frontier,49.2,-108.56
Fruitvale,49.11,-117.54
Fulford Harbour,48.76,-123.45
Gabarus,45.83,-60.14
Gadsby,52.29,-112.34
Gagetown,45.77,-66.16
Gainsborough,49.17,-101.44
Galahad,52.51,-111.93
Gallants,48.7,-58.23
Gambo,48.79,-54.21
Gananoque,44.33,-76.16
Gander,48.95,-54.58
Ganges,48.85,-123.5
Garden Bay,49.63,-124.03
Garden Creek,45.96,-66.7
Garden Hill,44.05,-78.4
Garden River,46.54,-84.16
Garden Village,46.32,-79.87
Gaspé,48.83,-64.48
Gatineau,45.48,-75.65
Gaultois,47.61,-55.91
Geary,45.76,-66.48
Genelle,49.2,-117.69
Gentilly,46.4,-72.27
Georgetown,43.64,-79.91
Georgina,44.28,-79.32
Gerald,50.66,-101.79
Geraldton,49.71,-86.95
Germansen Landing,55.78,-124.7
Gibbons,53.82,-113.32
Gibsons,49.4,-123.5
Gift Lake,55.88,-115.81
Gilbert Plains,51.14,-100.48
Gillam,56.34,-94.7
Gillies Bay,49.68,-124.48
Gimli,50.63,-96.99
Gingolx,54.99,-129.95
Girardville,49.0,-72.55
Girouxville,55.75,-117.33
Gitwinksihlkw,55.19,-129.22
Gladstone,42.91,-81.04
Glaslyn,53.35,-108.35
Glassville,46.48,-67.42
Gleichen,50.86,-113.05
Glen Ewen,49.2,-102.01
Glen Robertson,45.35,-74.5
Glenavon,50.19,-103.13
Glenboro,49.55,-99.29
Glencoe,42.75,-81.7
Glendon,54.25,-111.16
Glenella,50.55,-99.19
Glenwood,42.2,-82.28
Glovertown,48.69,-54.03
Godbout,49.31,-67.6
Goderich,43.73,-81.7
Gods Lake,54.67,-94.15
Gods Lake Narrows,54.55,-94.47
Gods River,54.84,-94.09
Gogama,47.67,-81.72
Gold River,44.54,-64.31
Golden,51.29,-116.96
Golden Lake,45.58,-77.24
Golden Prairie,50.22,-109.63
Gooderham,44.9,-78.37
Goodeve,51.06,-103.18
Goodsoil,54.4,-109.23
Goodwater,49.39,-103.7
Gore Bay,45.91,-82.46
Gorrie,43.87,-81.1
Goshen,43.49,-81.63
Goulais Bay,46.72,-84.42
Govan,51.31,-104.99
Gowganda,47.64,-80.77
Gracefield,46.1,-76.05
Grafton,43.99,-78.02
Granby,45.4,-72.73
Grand Bank,47.08,-55.75
Grand Bay-Westfield,45.34,-66.25
Grand Bend,43.3,-81.75
Grand Falls,47.05,-67.73
Grand Falls-Windsor,48.96,-55.66
Grand Forks,49.03,-118.43
Grand Harbour,44.68,-66.75
Grand Le Pierre,47.77,-54.8
Grand Rapids,53.17,-99.26
Grand Valley,43.89,-80.31
Grande Anse,45.62,-61.06
Grande Cache,53.88,-119.11
Grande Prairie,55.17,-118.79
Grande-Anse,47.08,-72.91
Grande-Digue,46.29,-64.56
Grande-Rivière,48.4,-64.5
Grande-Vallée,49.21,-65.13
Grandview,45.19,-79.05
Granisle,54.88,-126.2
Granton,45.6,-62.74
Granum,49.87,-113.5
Granville Lake,56.23,-100.56
Grassland,54.82,-112.68
Grassy Lake,49.82,-111.7
Grassy Narrows,50.14,-94.0
Gravelbourg,49.87,-106.55
Gravenhurst,44.86,-79.33
Gray,50.17,-104.44
Gray Rapids,46.77,-65.75
Grayson,50.71,-102.64
Great Village,45.41,-63.59
Greater Napanee,44.23,-76.96
Greater Sudbury,46.57,-81.06
Greely,45.26,-75.56
Green Lake,45.66,-77.11
Green Valley,45.25,-74.59
Greenfield,43.3,-80.47
Greenspond,49.07,-53.57
Greenstone,49.76,-87.28
Greenwood,43.92,-79.06
Grenfell,44.36,-79.79
Grenville,45.63,-74.6
Gretna,44.19,-76.98
Griffin,45.05,-72.16
Griffith,45.24,-77.16
Grimsby,43.18,-79.57
Grimshaw,56.18,-117.6
Grindrod,50.63,-119.11
Gronlid,53.1,-104.46
Gros-Morne,49.25,-65.54
Grosses-Roches,48.93,-67.16
Grouard Mission,55.54,-116.15
Grunthal,49.4,-96.85
Guelph,43.53,-80.22
Guigues,47.46,-79.43
Gull Lake,50.09,-108.48
Gunn,53.72,-114.34
Guy,55.54,-117.12
Guysborough,45.39,-61.49
Gypsumville,51.76,-98.63
Habay,58.8,-118.71
Hacketts Cove,44.56,-63.92
Hadashville,49.67,-95.9
Hafford,52.72,-107.35
Hagensborg,52.38,-126.55
Hagersville,42.96,-80.05
Hague,52.51,-106.41
Haileybury,47.44,-79.63
Halbrite,49.48,-103.55
Haliburton,45.04,-78.5
Halifax,44.64,-63.59
Halkirk,52.28,-112.15
Halton Hills,43.62,-79.95
Hamilton,43.24,-79.84
Hamiota,50.18,-100.59
Hammond,45.44,-75.24
Hammondvale,45.57,-65.5
Ham-Nord,45.9,-71.65
Hampden,44.12,-80.92
Hampstead,43.46,-80.83
Hampton,43.97,-78.74
Hanley,51.62,-106.44
Hanna,51.64,-111.92
Hanover,44.15,-81.02
Hant's Harbour,47.99,-53.27
Hantsport,45.06,-64.18
Hanwell,45.85,-66.8
Harbour Breton,47.47,-55.82
Harbour Grace,47.67,-53.25
Harcourt,45.08,-78.15
Hardisty,52.67,-111.3
Hardwood Ridge,46.15,-66.03
Hare Bay,48.85,-54.03
Harrington Harbour,50.5,-59.47
Harris,47.54,-79.59
Harrison Hot Springs,49.29,-121.78
Harrison Mills,49.25,-121.95
Harriston,43.91,-80.87
Harrogate,50.98,-116.45
Harrow,42.03,-82.91
Harrowsmith,44.4,-76.66
Hartland,46.29,-67.5
Hartney,49.48,-100.52
Harty,49.47,-82.68
Harvey,45.72,-64.71
Harwood,44.14,-78.18
Hastings,44.31,-77.96
Hatley,45.18,-71.93
Hatzic,49.15,-122.25
Haute-Aboujagane,46.14,-64.39
Havelock,44.3,-65.92
Havre Boucher,45.68,-61.53
Havre-Saint-Pierre,50.23,-63.6
Hawk Junction,48.08,-84.56
Hawke's Bay,50.61,-57.18
Hawkesbury,45.6,-74.6
Hay Lakes,53.19,-113.05
Hays,50.09,-111.79
Hazelton,46.57,-66.13
Hazlet,50.39,-108.59
Hearst,49.68,-83.65
Heart's Content,47.84,-53.35
Hébertville,48.4,-71.68
Hedley,49.35,-120.06
Heinsburg,53.76,-110.52
Heisler,52.66,-112.22
Hemlo,48.68,-85.98
Hemmingford,45.05,-73.58
Henryville,45.13,-73.18
Hensall,43.43,-81.5
Hepburn,52.52,-106.73
Hepworth,44.63,-81.13
Herbert,50.42,-107.22
Heriot Bay,50.1,-125.21
Heron Bay,48.66,-86.28
Herring Cove,44.57,-63.56
Hiawatha,44.17,-78.2
Hickman's Harbour,48.1,-53.74
High Level,58.51,-117.12
High Prairie,55.43,-116.49
High River,50.57,-113.87
Highgate,42.5,-81.81
Hilda,50.47,-110.03
Hilden,45.3,-63.29
Hill Spring,49.29,-113.62
Hillsborough,45.92,-64.64
Hillsburgh,43.79,-80.14
Hillside,45.35,-79.09
Hillsport,49.45,-85.54
Hilton Beach,46.25,-83.89
Hines Creek,56.24,-118.6
Hinton,53.41,-117.56
Hitchcock,49.22,-103.12
Hixon,53.41,-122.58
Hodgeville,50.11,-106.96
Hodgson,51.21,-97.57
Holden,53.23,-112.23
Holdfast,50.95,-105.42
Holland,44.41,-75.94
Holland Centre,44.39,-80.79
Hollow Water,51.19,-96.3
Holstein,44.05,-80.75
Holtville,46.51,-66.47
Holyrood,44.02,-81.46
Honey Harbour,44.86,-79.81
Honeymoon Bay,48.81,-124.16
Honeywood,44.22,-80.18
Hope,43.88,-79.51
Hopedale,55.46,-60.23
Hopewell,45.47,-62.7
Hopewell Cape,45.84,-64.57
Hornby Island,49.51,-124.63
Hornepayne,49.25,-84.78
Horning's Mills,44.15,-80.2
Horsefly,52.33,-121.41
Horseshoe Valley,44.55,-79.67
Hosmer,49.58,-114.95
Houston,54.39,-126.64
Howick,43.89,-81.07
Howley,49.15,-57.09
Hoyt,45.58,-66.55
Huberdeau,45.96,-74.63
Hudson,45.45,-74.15
Hudson Bay,52.84,-102.37
Hudson's Hope,56.02,-121.91
Hughenden,52.51,-110.96
Hull,45.44,-75.74
Humber Arm South,49.01,-58.16
Humboldt,52.2,-105.12
Hunter River,46.35,-63.34
Huntingdon,45.08,-74.16
Hunts Point,43.95,-64.77
Huntsville,45.31,-79.27
Hurkett,48.84,-88.48
Huron East,43.62,-81.28
Huron Park,43.28,-81.48
Hussar,51.04,-112.68
Hyas,51.89,-102.26
Hymers,48.3,-89.7
Hythe,55.32,-119.55
Ignace,49.4,-91.67
Île-à-la-Crosse,55.47,-107.91
Ilford,56.06,-95.6
Imperial,51.34,-105.44
Indian Head,50.53,-103.66
Indian River,44.34,-78.14
Ingersoll,43.04,-80.87
Ingleside,45.32,-66.19
Inglis,50.94,-101.25
Ingonish,46.69,-60.36
Ingonish Beach,46.63,-60.4
Inkerman,45.03,-75.39
Innerkip,43.2,-80.69
Innisfail,52.02,-113.95
Innisfil,44.27,-79.61
Innisfree,53.38,-111.53
Inukjuak,58.45,-78.1
Inverary,44.38,-76.47
Invermay,44.46,-81.14
Invermere,50.5,-116.03
Inverness,46.23,-61.3
Inwood,50.5,-97.49
Ipperwash Beach,43.2,-81.97
Irma,52.91,-111.22
Iron Bridge,46.28,-83.22
Iroquois,44.84,-75.31
Iroquois Falls,48.76,-80.68
Irricana,51.32,-113.6
Islay,44.46,-78.85
Isle aux Morts,47.59,-58.96
Ituna,51.16,-103.49
Jackson's Arm,49.86,-56.8
Jacksonville,46.19,-67.6
Jacquet River,47.91,-66.0
Jaffray,49.38,-115.3
Janetville,44.21,-78.72
Jans Bay,55.14,-108.1
Jansen,51.78,-104.71
Jarvie,54.45,-113.98
Jarvis,42.88,-80.11
Jasper,44.83,-75.93
Jellicoe,49.68,-87.52
Jemseg,45.83,-66.11
Joffre,52.33,-113.53
Joggins,45.69,-64.44
Jogues,45.48,-72.82
Johnstown,44.15,-77.56
Johnville,45.33,-71.75
Joliette,46.01,-73.45
Jonquière,48.41,-71.24
Jordan Falls,43.81,-65.23
Joussard,55.39,-115.95
Judique,45.87,-61.49
Juniper,46.55,-67.22
Kagawong,45.9,-82.25
Kakabeka Falls,48.4,-89.61
Kaladar,44.64,-77.12
Kaleden,49.4,-119.6
Kaministiquia,48.53,-89.59
Kamloops,50.67,-120.33
Kamouraska,47.56,-69.86
Kamsack,51.56,-101.89
Kanata,45.32,-75.9
Kangiqsualujjuaq,58.68,-65.95
Kapuskasing,49.41,-82.41
Karalash Corners,46.77,-84.35
Kars,45.15,-75.64
Kashabowie,48.65,-90.44
Kaslo,49.91,-116.9
Kawartha Lakes,44.58,-78.83
Kearney,45.62,-79.11
Kedgwick,47.64,-67.34
Keene,44.24,-78.16
Kelliher,51.26,-103.74
Kelly,46.25,-71.74
Kelly Lake,51.01,-121.76
Kelowna,49.88,-119.49
Kelvington,52.16,-103.52
Kemano,53.56,-127.95
Kemptown,45.46,-63.07
Kemptville,44.03,-65.84
Kenaston,51.5,-106.27
Kennedy,50.01,-102.35
Kennetcook,45.17,-63.72
Kenora,49.76,-94.5
Kenosee Lake,49.83,-102.28
Kensington,46.43,-63.63
Kent,44.59,-80.59
Kenton,49.98,-100.61
Kentville,45.07,-64.49
Kenville,52.0,-101.32
Keremeos,49.2,-119.82
Kerrobert,51.92,-109.14
Kersley,52.81,-122.41
Keswick,44.24,-79.47
Keswick Ridge,45.99,-66.88
Kikino,54.44,-112.09
Kilburn,46.63,-67.7
Killaloe,45.56,-77.4
Killam,52.78,-111.85
Killarney,44.72,-63.69
Kimberley,49.68,-115.98
Kincaid,49.66,-107.0
Kincardine,44.16,-81.63
Kindersley,51.46,-109.15
Kingfisher,50.61,-118.73
Kingfisher Lake,53.03,-89.81
King's Cove,48.55,-53.37
King's Point,49.58,-56.2
Kingsey Falls,45.85,-72.06
Kingston,44.23,-76.51
Kingsville,42.03,-82.73
Kinistino,52.95,-105.02
Kinkora,43.47,-81.07
Kinmount,44.78,-78.65
Kinsella,53.0,-111.52
Kinuso,55.33,-115.43
Kipawa,46.78,-78.98
Kipling,46.49,-80.2
Kippens,48.55,-58.63
Kirkland Lake,48.15,-80.03
Kisbey,49.64,-102.67
Kispiox,55.35,-127.69
Kitamaat Village,53.98,-128.64
Kitchener,43.41,-80.47
Kitchenuhmaykoosib,53.82,-89.88
Kitimat,54.05,-128.65
Kitscoty,53.34,-110.33
Kitseguecla,55.08,-127.83
Kitwanga,55.1,-128.06
Kleefeld,49.5,-96.87
Kleinburg,43.84,-79.62
Knoxford,46.51,-67.74
Krestova,49.44,-117.59
Kronau,50.3,-104.29
Kuujjuaq,58.1,-68.4
Kuujjuarapik,55.28,-77.75
Kyle,50.83,-108.03
La Baie,47.23,-61.87
La Broquerie,49.51,-96.49
La Corne,48.35,-78.0
La Crête,58.18,-116.41
La Doré,48.71,-72.65
La Durantaye,46.83,-70.85
La Glace,55.4,-119.15
La Guadeloupe,45.95,-70.93
La Loche,56.48,-109.39
La Malbaie,47.65,-70.15
La Patrie,45.4,-71.25
La Pocatière,47.37,-70.03
La Prairie,45.41,-73.5
La Reine,48.86,-79.5
La Rivière,49.23,-98.67
La Romaine,50.21,-60.67
La Ronge,55.11,-105.29
La Salle,42.23,-83.09
La Sarre,48.8,-79.2
La Tabatière,50.82,-58.96
La Tuque,47.43,-72.78
Labrador City,52.96,-66.93
Lac Baker,47.33,-68.64
Lac Brochet,58.62,-101.48
Lac du Bonnet,50.25,-96.06
Lac La Biche,54.77,-111.97
Lac la Hache,51.81,-121.46
Lac-au-Saumon,48.41,-67.35
Lac-Bouchette,45.92,-74.25
Lac-Brome,45.21,-72.51
Lac-Carré,46.13,-74.47
Lac-des-Aigles,47.98,-68.68
Lac-des-Loups,45.68,-76.21
Lac-Drolet,45.71,-70.85
Lac-Etchemin,46.4,-70.5
Lac-Humqui,48.3,-67.58
Lachute,45.65,-74.33
Lac-Mégantic,45.58,-70.88
Lacolle,45.08,-73.36
Lacombe,52.46,-113.73
Ladner,49.09,-123.07
Ladysmith,42.79,-82.4
Lafleche,49.7,-106.57
Laidlaw,49.31,-121.6
Laird,46.39,-84.05
Lake Alma,49.14,-104.19
Lake Cowichan,48.82,-124.05
Lake Echo,44.73,-63.38
Lake Errock,49.21,-122.01
Lake Lenore,52.39,-104.98
Lake St. Martin,51.74,-98.41
Lake St. Peter,45.31,-78.02
Lakefield,44.42,-78.27
Lakelse Lake,54.36,-128.55
Lakeshore,42.24,-82.68
Lakeview Heights,45.03,-74.85
Lakeville,45.1,-64.6
Lamaline,46.9,-55.76
Lambton,45.83,-71.08
Lambton Shores,43.17,-81.89
Lamèque,47.81,-64.62
Lamont,53.75,-112.78
Lampman,49.38,-102.75
Lanark,45.01,-76.36
Lancaster,45.14,-74.5
Landis,52.19,-108.45
Landmark,49.67,-96.82
Landrienne,48.55,-77.95
Lang,44.27,-78.17
Lang Bay,49.78,-124.35
Langdon,48.97,-84.09
Langenburg,50.84,-101.7
Langford,43.17,-80.13
Langham,52.35,-106.95
Langley,49.1,-122.65
Langton,42.74,-80.57
Lanigan,51.84,-105.02
L'Annonciation,46.4,-74.86
Lanoraie,45.96,-73.22
Lansdowne,44.4,-76.01
Lansdowne House,52.22,-87.88
L'Anse-au-Loup,47.08,-55.67
Lantz,44.98,-63.48
Lantzville,49.25,-124.07
Lappe,48.57,-89.35
Larder Lake,48.06,-79.69
L'Ardoise,45.61,-60.76
Lark Harbour,49.1,-58.39
LaSalle,42.22,-83.04
L'Ascension,46.55,-74.83
Lashburn,53.12,-109.61
L'Assomption,45.83,-73.41
Latchford,47.32,-79.81
Laterrière,48.3,-71.11
Laurentian Hills,43.42,-80.49
Laurier,50.88,-99.56
Laurier-Station,46.53,-71.63
Laurierville,46.3,-71.65
Laval,45.58,-73.75
Lavaltrie,45.88,-73.28
L'Avenir,45.76,-72.3
Lawn,46.93,-55.53
Lawrence Station,42.75,-81.41
Lawrencetown,44.67,-63.39
Lawrenceville,45.41,-72.35
Lax Kw'alaams,54.55,-130.43
Laxgalts'ap,55.03,-129.57
Lazo,49.71,-124.9
Le Bic,48.37,-68.69
Le Goulet,47.7,-64.69
Leader,50.88,-109.54
Leading Tickles,49.48,-55.42
Leaf Rapids,56.46,-99.75
Leamington,42.05,-82.59
Leask,53.02,-106.74
Leaskdale,44.2,-79.16
Lebel-sur-Quévillon,49.05,-76.98
Leduc,53.26,-113.54
Lefaivre,45.63,-74.89
Legal,53.94,-113.59
Lemberg,50.73,-103.2
Lennoxville,45.36,-71.86
Leoville,53.63,-107.55
Lepreau,45.17,-66.46
Leroy,52.0,-104.73
Les Éboulements,47.48,-70.31
Les Escoumins,48.35,-69.4
Les Étroits,47.38,-68.89
Les Hauteurs-de-Rimouski,48.37,-68.11
Les Méchins,49.0,-66.98
Leslieville,52.38,-114.6
Lestock,51.31,-103.98
Lethbridge,48.36,-53.86
Lévis,46.8,-71.18
Lewin's Cove,47.08,-55.21
Lewisporte,49.24,-55.04
Likely,52.61,-121.55
Lillooet,50.69,-121.93
Limerick,44.92,-77.7
Limoges,45.33,-75.25
Lincoln,43.15,-79.41
Linden,45.87,-63.82
Lindsay,44.35,-78.74
Lintlaw,52.06,-103.24
Linwood,43.58,-80.72
Lions Bay,49.45,-123.23
Lion's Head,44.98,-81.25
Lipton,50.9,-103.84
Lisle,44.26,-79.97
L'Islet,47.1,-70.35
L'Islet-sur-Mer,47.12,-70.37
L'Isle-Verte,48.01,-69.33
Listowel,43.73,-80.95
Little Black River,50.82,-96.31
Little Britain,44.28,-78.86
Little Current,45.97,-81.92
Little Fort,51.41,-120.2
Little Grand Rapids,52.03,-95.46
Little Smoky,54.73,-117.17
Livelong,53.44,-108.7
Liverpool,43.84,-79.08
Lloydminster,53.27,-109.98
Lockeport,43.69,-65.11
Lockport,50.08,-96.94
Lodgepole,53.1,-115.31
Logan Lake,50.49,-120.81
Lomond,50.34,-112.64
London,42.96,-81.23
Londonderry,45.47,-63.6
Lone Butte,51.55,-121.2
Long Plain,49.84,-98.47
Long Point,42.58,-80.43
Long Sault,45.03,-74.89
Longlac,49.77,-86.53
Longue-Pointe-de-Mingan,50.26,-64.15
Longueuil,45.53,-73.51
Longview,50.53,-114.23
Loon Lake,45.25,-62.74
Lords Cove,45.0,-66.95
Lord's Cove,46.89,-55.65
Loreburn,51.23,-106.59
L'Orignal,45.61,-74.68
Loring,45.93,-79.99
Lorne,44.23,-81.6
Lotbinière,46.61,-71.93
Lougheed,52.74,-111.54
Louisdale,45.6,-61.06
Louiseville,46.25,-72.95
Lourdes,46.32,-71.81
Louvicourt,48.06,-77.38
Love,53.48,-104.16
Low,45.81,-75.95
Lower Argyle,43.72,-65.83
Lower Brighton,46.24,-67.49
Lower Post,59.93,-128.5
Lower Sackville,44.76,-63.67
Lower West Pubnico,43.63,-65.8
Lower Windsor,46.35,-67.42
Lucan,43.18,-81.4
Luceville,48.52,-68.34
Lucknow,43.96,-81.51
Lucky Lake,50.98,-107.13
Lumby,50.25,-118.96
Lumsden,49.28,-53.59
Lund,49.96,-124.76
Lundar,50.69,-98.03
Lundbreck,49.58,-114.16
Lunenburg,44.37,-64.3
Luseland,52.07,-109.38
Luskville,45.53,-76.01
Lyndhurst,44.54,-76.12
Lynn Lake,56.82,-101.07
Lyster,46.36,-71.61
Lytton,50.23,-121.58
Maberly,44.83,-76.53
Mabou,46.07,-61.39
Macamic,48.75,-79.0
Maccan,45.72,-64.25
Macdiarmid,49.43,-88.12
Macdowall,53.01,-106.01
Maces Bay,45.09,-66.47
MacGregor,49.96,-98.77
Mackenzie,55.32,-123.09
Macklin,52.33,-109.93
Macoun,49.31,-103.26
Macrorie,51.32,-107.08
MacTier,45.13,-79.77
Madawaska,45.5,-77.99
Madeleine-Centre,49.24,-65.35
Madoc,43.7,-79.74
Madran,47.81,-65.77
Magnetawan,45.66,-79.64
Magog,45.26,-72.15
Magrath,49.4,-112.86
Mahone Bay,44.44,-64.37
Maidstone,42.2,-82.88
Main Brook,51.16,-55.98
Maisonnette,47.82,-65.02
Maitland,44.42,-64.45
Major,51.87,-109.61
Makwa,54.0,-108.9
Malakwa,50.93,-118.8
Malartic,48.13,-78.13
Maliseet,46.77,-67.7
Mallaig,54.21,-111.36
Mallard,51.95,-99.55
Mallorytown,44.47,-75.87
Ma-Me-O Beach,52.97,-113.96
Manigotagan,51.1,-96.3
Manilla,44.3,-78.98
Manitou,49.24,-98.53
Manitouwadge,49.12,-85.83
Manitowaning,45.74,-81.8
Maniwaki,46.38,-75.96
Mankota,49.42,-107.07
Manners Sutton,45.68,-67.03
Manning,56.92,-117.62
Mannville,53.34,-111.17
Manor,49.6,-102.08
Manotick,45.22,-75.68
Manseau,46.36,-72.0
Mansons Landing,50.06,-124.98
Mansonville,45.05,-72.39
Manyberries,49.4,-110.69
Maple Creek,49.9,-109.47
Maple Ridge,45.09,-75.28
Mara,50.68,-119.06
Marathon,45.35,-76.13
Marbleton,45.61,-71.58
Marcelin,52.92,-106.79
Margaree Forks,46.33,-61.09
Margaretsville,45.04,-65.06
Margo,44.32,-66.01
Maria,48.16,-65.98
Mariapolis,49.36,-98.98
Marieville,45.43,-73.16
Marion Bridge,45.98,-60.21
Marionville,45.18,-75.35
Markdale,44.31,-80.64
Markham,43.87,-79.26
Markstay,46.49,-80.54
Markstay-Warren,46.49,-80.48
Marktosis,49.28,-126.05
Marlbank,44.43,-77.09
Marlboro,53.55,-116.79
Marmora,44.48,-77.68
Marsden,52.84,-109.82
Marshall,53.19,-109.77
Marsoui,49.21,-66.06
Martensville,52.29,-106.65
Martins River,44.48,-64.33
Martintown,45.15,-74.71
Marwayne,53.51,-110.33
Maryfield,49.83,-101.52
Mary's Harbour,52.31,-55.83
Marystown,47.15,-55.16
Marysville,44.19,-76.43
Maskinongé,46.23,-73.01
Masset,54.01,-132.14
Massey,46.21,-82.07
Masson-Angers,45.54,-75.41
Massueville,45.91,-72.93
Matachewan,47.93,-80.64
Matagami,49.75,-77.63
Matane,48.85,-67.53
Matapédia,47.96,-66.95
Matheson,48.53,-80.46
Matheson Island,51.74,-96.92
Mattawa,46.31,-78.7
Mattice,49.61,-83.26
Maugerville,45.87,-66.44
Mavillette,44.11,-66.18
Maxville,45.28,-74.85
Maxwell,44.3,-80.39
Mayerthorpe,53.95,-115.13
Maymont,52.56,-107.7
Maynooth,45.23,-77.93
Mayo,45.66,-75.35
Mazenod,49.86,-106.21
McAdam,45.59,-67.3
McAuley,50.26,-101.38
McBride,53.3,-120.16
McCreary,50.77,-99.49
McGregor,42.14,-82.96
McKendrick,47.92,-66.67
McLean,44.65,-76.84
McLennan,55.7,-116.9
McLeod Lake,54.98,-123.03
McLeods,48.01,-66.57
McLure,51.05,-120.23
Meadow Creek,50.23,-116.98
Meadow Lake,54.12,-108.43
Meadows,48.99,-58.04
Meaford,44.59,-80.74
Meath Park,53.44,-105.36
Medford,45.17,-64.36
Medicine Hat,50.04,-110.67
Medstead,53.29,-108.07
Meductic,45.98,-67.5
Melbourne,42.81,-81.55
Melfort,52.85,-104.6
Melita,49.26,-100.99
Melville,43.88,-80.06
Memramcook,45.97,-64.59
Meota,53.03,-108.46
Merigomish,45.63,-62.43
Merrickville,44.91,-75.83
Merrickville-Wolford,44.85,-75.82
Merritt,50.11,-120.78
Merville,49.78,-125.05
Mervin,53.33,-108.87
Metcalfe,45.23,-75.47
Meteghan,44.18,-66.16
Métis-sur-Mer,48.66,-68.0
Miami,49.37,-98.24
Michipicoten River,47.93,-84.82
Midale,49.39,-103.41
Middle Arm,47.43,-53.2
Middle Lake,52.48,-105.3
Middle Musquodoboit,45.04,-63.14
Middleton,44.94,-65.06
Middleville,45.09,-76.39
Middlewood,44.22,-64.57
Midhurst,44.44,-79.72
Midland,44.75,-79.88
Midway,45.68,-64.76
Milden,51.48,-107.52
Mildmay,44.03,-81.11
Milestone,49.99,-104.51
Milford Bay,45.07,-79.47
Milk River,49.15,-112.08
Mill Bay,48.65,-123.55
Mill Cove,44.59,-64.06
Millbrook,44.15,-78.44
Millerton,46.9,-65.63
Millertown,48.81,-56.54
Millet,53.09,-113.47
Millville,44.99,-64.81
Milo,50.57,-112.88
Milton,43.5,-79.91
Miltonvale Park,46.31,-63.22
Milverton,43.56,-80.92
Minaki,49.98,-94.66
Mindemoya,45.73,-82.16
Minden,44.92,-78.72
Mingan,49.2,-68.26
Ming's Bight,49.97,-56.04
Miniota,50.14,-101.03
Minitonas,52.08,-101.03
Minnedosa,50.24,-99.84
Minto,43.91,-80.88
Minton,45.29,-71.98
Mirabel,45.65,-74.08
Miramichi,47.0,-65.46
Mirror,52.46,-113.1
Miscou Centre,47.94,-64.56
Miscouche,46.43,-63.86
Missanabie,48.31,-84.08
Missinipe,55.6,-104.78
Mission,49.13,-122.3
Mississauga,43.58,-79.65
Mistassini,48.88,-72.23
Mistatim,52.87,-103.36
Mitchell,43.46,-81.19
Moberly Lake,55.83,-121.73
Moisie,50.19,-66.08
Monarch,49.8,-113.1
Monastery,45.6,-61.61
Moncton,46.09,-64.79
Monkton,43.58,-81.08
Mono,44.01,-80.05
Montague,44.98,-75.98
Monte Creek,50.64,-119.95
Monte Lake,50.53,-119.83
Montebello,43.15,-79.25
Mont-Joli,48.58,-68.18
Mont-Laurier,46.55,-75.5
Mont-Louis,49.22,-65.73
Montmagny,46.98,-70.55
Montmartre,50.22,-103.45
Montréal,45.51,-73.65
Montreal River Harbour,47.24,-84.64
Montrose,43.05,-79.12
Mont-Saint-Michel,46.78,-75.33
Mont-Tremblant,46.11,-74.6
Moonbeam,49.34,-82.15
Moorefield,43.76,-80.74
Moores Mills,45.29,-67.27
Moose Factory,51.25,-80.6
Moose Jaw,50.39,-105.55
Moose Lake,49.2,-95.3
Moosehorn,51.29,-98.42
Moosomin,50.14,-101.67
Moosonee,51.27,-80.64
Morden,49.19,-98.1
Morell,46.41,-62.7
Morinville,53.8,-113.64
Morley,44.66,-80.73
Morpeth,42.39,-81.84
Morrin,51.66,-112.76
Morris,49.35,-97.36
Morrisburg,44.89,-75.18
Morriston,43.44,-80.11
Morse,50.41,-107.03
Moser River,44.96,-62.25
Mossbank,49.93,-105.96
Moulin-Morneault,47.45,-68.35
Mount Albert,44.13,-79.3
Mount Elgin,42.95,-80.79
Mount Forest,43.98,-80.73
Mount Hope,43.15,-79.91
Mount Pearl,47.51,-52.81
Mount Pleasant,43.07,-80.31
Mount Stewart,46.36,-62.87
Mount Uniacke,44.89,-63.82
Mountain View,44.07,-77.36
Moyie,49.3,-115.83
Muenster,52.19,-104.99
Mulgrave,42.91,-79.09
Mulhurst,53.05,-113.99
Mundare,53.59,-112.34
Munson,51.56,-112.73
Munster,45.16,-75.93
Murdochville,48.96,-65.5
Murray Harbour,46.0,-62.52
Murray River,46.01,-62.61
Musgrave Harbour,49.41,-53.96
Musgravetown,48.41,-53.89
Mushaboom,44.85,-62.53
Muskrat Dam,53.4,-91.76
Musquodoboit Harbour,44.78,-63.14
Mutton Bay,50.77,-59.02
Myrnam,53.66,-111.23
Nackawic,45.99,-67.22
Naicam,52.41,-104.49
Nain,56.53,-61.71
Nairn Centre,46.33,-81.58
Nakina,50.17,-86.7
Nakusp,50.23,-117.79
Nampa,56.03,-117.13
Namur,45.9,-74.93
Nanaimo,49.16,-123.93
Nanoose Bay,49.26,-124.2
Nanticoke,42.8,-80.07
Nanton,50.35,-113.76
Napadogan,46.41,-66.93
Napanee,44.24,-76.95
Napierville,45.18,-73.4
Napinka,49.32,-100.84
Nappan,45.76,-64.23
Naramata,49.6,-119.58
Nash Creek,47.92,-66.07
Nashwaak Bridge,46.24,-66.6
Natashquan,50.18,-61.81
Nauwigewauk,45.47,-65.89
Nédélec,47.68,-79.43
Neepawa,50.22,-99.46
Neerlandia,54.31,-114.37
Neguac,47.24,-65.08
Neilburg,52.83,-109.62
Nelson,43.37,-79.83
Nelson House,55.78,-98.88
Neuanlage,52.45,-106.46
Neudorf,50.7,-103.01
Neustadt,44.07,-81.0
Neville,49.96,-107.62
New Aiyansh,55.2,-129.07
New Bandon,46.49,-66.27
New Brigden,51.7,-110.49
New Carlisle,48.01,-65.33
New Denver,49.99,-117.37
New Germany,44.54,-64.72
New Glasgow,42.52,-81.62
New Harbour,45.16,-61.45
New Hazelton,55.24,-127.58
New Liskeard,47.5,-79.68
New Maryland,45.87,-66.66
New Minas,45.06,-64.46
New Norway,52.86,-112.95
New Richmond,48.16,-65.86
New Ross,44.73,-64.45
New Sarepta,53.27,-113.14
New Tecumseth,44.08,-79.76
New Westminster,49.2,-122.91
Newboro,44.65,-76.31
Newbrook,54.32,-112.95
Newburgh,44.32,-76.87
Newbury,42.69,-81.79
Newcastle Village,43.91,-78.58
Newdale,50.35,-100.2
Newington,45.11,-75.01
Newmarket,44.05,-79.45
Newport,43.09,-80.23
New-Wes-Valley,49.15,-53.62
Niagara Falls,43.06,-79.1
Niagara-on-the-Lake,43.2,-79.12
Nicolet,46.21,-72.61
Nigadoo,47.73,-65.73
Ninette,49.4,-99.62
Nipawin,53.35,-104.01
Nipigon,48.98,-88.33
Niton Junction,53.62,-115.76
Niverville,49.6,-97.04
Nobel,45.41,-80.08
Nobleford,49.88,-113.05
Nobleton,43.9,-79.65
Noel,45.29,-63.74
Noëlville,46.13,-80.43
Nokomis,51.51,-105.0
Nominingue,46.4,-75.03
Noonan,45.96,-66.52
Nordegg,52.47,-116.07
Norembega,48.98,-80.71
Norglenwold,52.32,-114.12
Norland,44.72,-78.81
Normandin,48.83,-72.53
Normétal,49.0,-79.36
Norquay,51.88,-102.08
Norris Arm,49.07,-55.23
Norris Point,49.51,-57.87
North Augusta,44.76,-75.73
North Battleford,52.75,-108.28
North Bay,46.31,-79.45
North Bend,49.88,-121.45
North Cowichan,48.82,-123.71
North East Point,43.5,-65.6
North Gower,45.13,-75.71
North Hatley,45.28,-71.96
North Head,44.76,-66.74
North Perth,43.72,-80.96
North Portal,49.0,-102.55
North Rustico,46.45,-63.31
North Saanich,48.65,-123.43
North Spirit Lake,52.49,-93.03
North Vancouver,49.32,-123.07
North West River,53.53,-60.14
Northampton,46.07,-67.55
Northbrook,44.73,-77.15
Northeastern Manitoulin and the Islands,45.87,-82.1
Northgate,49.0,-102.26
Northport,45.93,-63.86
Norton,45.65,-65.73
Norway House,53.99,-97.81
Norwich,42.98,-80.59
Norwood,44.06,-66.02
Notre-Dame-des-Monts,47.66,-70.38
Notre-Dame-du-Bon-Conseil,46.0,-72.35
Notre-Dame-du-Lac,47.61,-68.79
Notre-Dame-du-Laus,46.08,-75.61
Notre-Dame-du-Mont-Carmel,46.48,-72.65
Notre-Dame-du-Nord,47.6,-79.48
Novar,45.45,-79.25
Oak Bay,45.23,-67.19
Oak Lake,44.26,-77.51
Oak Point,45.51,-66.08
Oakbank,49.94,-96.84
Oakburn,50.56,-100.57
Oakland,42.14,-82.59
Oakville,43.45,-79.71
Oakwood,43.68,-79.43
Oba,49.05,-84.1
Obed,53.55,-117.23
Ochre River,51.06,-99.78
Odell,46.81,-67.43
Odessa,50.28,-103.78
Ogema,49.57,-104.91
Oil Springs,42.78,-82.11
Oka,45.46,-74.08
Okanagan Falls,49.35,-119.56
Okotoks,50.72,-113.97
Olalla,49.26,-119.83
Old Fort Nelson,58.82,-122.54
Old Perlican,48.08,-52.99
Olds,51.79,-114.1
O'Leary,46.7,-64.22
Oliphant,44.72,-81.27
Oliver,42.23,-83.0
Omemee,44.3,-78.56
Ompah,45.0,-76.83
Onanole,50.62,-99.96
Onaping Falls,46.6,-81.37
Onoway,53.7,-114.19
Ootischenia,49.28,-117.62
Opasatika,49.51,-82.93
Opitsat,49.16,-125.91
Orangeville,43.91,-80.1
Orillia,44.6,-79.42
Orléans,45.47,-75.52
Ormiston,49.73,-105.39
Ormstown,45.13,-74.0
Oromocto,45.84,-66.47
Orono,43.97,-78.61
Orrville,45.38,-79.77
Osgoode,45.14,-75.6
Oshawa,43.9,-78.85
Osoyoos,49.03,-119.46
Ottawa,45.33,-75.58
Otter Lake,44.62,-63.73
Otterville,42.92,-80.6
Oujé-Bougoumou,49.92,-74.81
Outlook,46.16,-83.99
Owen Sound,44.56,-80.93
Oxbow,47.0,-67.29
Oxford,45.73,-63.86
Oxford House,54.94,-95.26
Oyama,50.11,-119.36
Oyen,51.35,-110.48
Paddle Prairie,57.95,-117.47
Paddockwood,53.5,-105.56
Paisley,44.3,-81.27
Palgrave,43.94,-79.83
Palmarolle,48.66,-79.2
Palmer Rapids,45.31,-77.5
Palmerston,43.83,-80.84
Pangman,49.64,-104.65
Papineauville,45.61,-75.01
Paquetville,47.66,-65.1
Paradise Hill,53.54,-109.45
Paradise River,53.44,-57.27
Paradise Valley,53.03,-110.29
Parent,47.91,-74.61
Parham,44.65,-76.71
Paris,43.19,-80.38
Parkers Cove,44.81,-65.53
Parkhill,43.16,-81.68
Parkside,53.16,-106.53
Parksville,49.31,-124.31
Parrsboro,45.4,-64.32
Parry,49.78,-104.72
Parry Sound,45.35,-80.03
Parson's Pond,50.03,-57.69
Pasadena,49.01,-57.56
Paspébiac,48.03,-65.25
Patricia,50.69,-111.67
Patuanak,55.88,-107.69
Pauingassi,52.15,-95.37
Paynton,53.01,-108.93
Peace River,56.23,-117.29
Peachland,49.77,-119.73
Peawanuck,55.01,-85.41
Peerless Lake,56.67,-114.57
Peers,53.66,-115.99
Pefferlaw,44.31,-79.2
Peguis,51.3,-97.56
Pelee Island,41.76,-82.68
Pelham,43.04,-79.33
Pelican Narrows,54.26,-110.89
Pelican Rapids,52.74,-100.69
Pelly,51.85,-101.92
Pemberton,50.32,-122.8
Pembroke,43.86,-66.15
Pender Island,48.78,-123.28
Penetanguishene,44.78,-79.9
Penhold,52.13,-113.87
Pennant,50.53,-108.23
Penniac,46.03,-66.57
Penobsquis,45.77,-65.38
Pense,50.41,-104.98
Penticton,49.5,-119.59
Percé,48.53,-64.21
Perdue,52.05,-107.54
Péribonka,48.76,-72.05
Perkins,45.6,-75.62
Perth,44.89,-76.25
Perth-Andover,46.72,-67.71
Petawawa,45.88,-77.31
Peterborough,44.3,-78.33
Petitcodiac,45.93,-65.16
Petit-de-Grat,45.51,-60.96
Petite-Aldouane,46.7,-64.88
Petite-Rivière,47.3,-70.57
Petrolia,42.88,-82.14
Phelpston,44.51,-79.84
Piapot,49.98,-109.11
Pibroch,54.25,-113.87
Pickardville,54.05,-113.88
Pickering,43.9,-79.13
Pickle Lake,51.46,-90.19
Picton,44.0,-77.14
Pictou,45.67,-62.7
Picture Butte,49.87,-112.77
Pierceland,54.34,-109.77
Pierreville,46.06,-72.81
Pierson,49.18,-101.26
Pikwitonei,55.58,-97.15
Pilot Butte,50.47,-104.41
Pilot Mound,49.2,-98.89
Pinawa,50.14,-95.88
Pincher Creek,49.48,-113.94
Pine Creek,52.0,-100.15
Pine Dock,51.64,-96.8
Pine Point,43.71,-79.54
Pine River,44.1,-81.66
Pinehouse,55.52,-106.57
Pinware,51.62,-56.71
Pipestone,49.55,-100.94
Pitt Meadows,49.22,-122.69
Placentia,47.27,-53.9
Plaisance,45.61,-75.11
Plamondon,54.84,-112.34
Plantagenet,45.53,-74.99
Plaster Rock,46.9,-67.39
Plattsville,43.3,-80.62
Pleasant Bay,46.82,-60.79
Pleasantville,44.05,-79.4
Plenty,51.78,-108.64
Plessisville,46.21,-71.78
Plevna,44.96,-76.98
Plum Coulee,49.19,-97.76
Plum Point,51.07,-56.88
Plumas,50.38,-99.08
Plymouth,43.79,-66.01
Plympton-Wyoming,43.01,-82.1
Pohénégamook,47.46,-69.21
Point Clark,44.07,-81.75
Point de Bute,45.9,-64.24
Point Leamington,49.31,-55.41
Point May,46.94,-55.93
Pointe au Baril Station,45.59,-80.37
Pointe du Bois,50.3,-95.55
Pointe-à-la-Frégate,49.2,-64.92
Pointe-à-la-Garde,48.07,-66.54
Pointe-aux-Anglais,45.49,-74.16
Pointe-aux-Outardes,49.05,-68.43
Pointe-Basse,47.39,-61.79
Pointe-Lebel,49.16,-68.2
Pointe-Sapin,46.96,-64.83
Pointe-Verte,47.85,-65.76
Pokemouche,47.66,-64.87
Pomquet,45.62,-61.84
Ponoka,52.67,-113.58
Ponteix,49.74,-107.48
Pont-Landry,47.57,-64.95
Pont-Rouge,46.75,-71.7
Pontypool,44.1,-78.62
Popkum,49.2,-121.73
Poplar Hill,43.0,-81.51
Poplar Point,50.05,-97.97
Poplar River,52.99,-97.27
Porcupine Plain,52.59,-103.25
Port Alberni,49.23,-124.8
Port Albert,43.87,-81.71
Port Alice,50.42,-127.48
Port au Choix,50.7,-57.32
Port Bickerton,45.1,-61.72
Port Blandford,48.34,-54.17
Port Burwell,42.64,-80.8
Port Carling,45.11,-79.58
Port Clements,53.68,-132.18
Port Colborne,42.91,-79.19
Port Coquitlam,49.26,-122.78
Port Dover,42.78,-80.2
Port Edward,54.22,-130.28
Port Elgin,44.43,-81.39
Port Felix,45.26,-61.21
Port Hardy,50.72,-127.49
Port Hastings,45.64,-61.4
Port Hawkesbury,45.61,-61.35
Port Hood,46.01,-61.53
Port Hope,43.95,-78.29
Port Hope Simpson,52.54,-56.29
Port La Tour,43.49,-65.47
Port Lambton,42.65,-82.5
Port Maitland,42.85,-79.57
Port McNeill,50.58,-127.08
Port McNicoll,44.74,-79.81
Port Medway,44.12,-64.57
Port Mellon,49.51,-123.48
Port Moody,49.28,-122.82
Port Morien,46.13,-59.87
Port Mouton,43.92,-64.84
Port Renfrew,48.55,-124.41
Port Rexton,48.39,-53.32
Port Rowan,42.62,-80.45
Port Saunders,50.66,-57.25
Port Severn,44.8,-79.71
Port Stanley,42.66,-81.21
Port Sydney,45.22,-79.28
Portage la Prairie,49.97,-98.29
Port-Cartier,50.03,-66.86
Port-Daniel-Centre,48.15,-64.98
Portland,44.69,-76.19
Portneuf,46.7,-71.88
Portugal Cove South,46.7,-53.25
Portugal Cove-St. Philip's,47.62,-52.83
Postville,54.91,-59.8
Pouce Coupe,55.71,-120.13
Pouch Cove,47.74,-52.77
Powassan,46.05,-79.34
Powell River,49.83,-124.52
Preeceville,51.95,-102.66
Preissac,48.4,-78.36
Prelate,50.85,-109.4
Prescott,44.71,-75.51
Prespatou,56.93,-121.05
Prévost,45.86,-74.08
Price,46.01,-64.99
Priceville,46.51,-66.28
Prince Albert,44.08,-78.95
Prince Edward,44.02,-77.25
Prince George,53.91,-122.74
Prince Rupert,53.55,-113.51
Princeton,43.17,-80.52
Princeville,45.75,-61.28
Pritchard,50.68,-119.81
Proulxville,46.66,-72.5
Providence Bay,45.67,-82.26
Provost,52.35,-110.26
Prud'homme,52.33,-105.89
Pugwash,45.85,-63.66
Pukatawagan,55.74,-101.31
Punnichy,51.37,-104.29
Quadeville,45.31,-77.37
Qualicum Beach,49.34,-124.44
Qu'Appelle,50.54,-103.87
Quatsino,50.53,-127.65
Québec,46.81,-71.21
Queensville,44.13,-79.45
Quesnel,52.97,-122.49
Quill Lake,52.07,-104.25
Quinte West,44.19,-77.58
Quispamsis,45.44,-65.92
Quyon,45.52,-76.23
Rabbit Lake,53.14,-107.76
Radisson,45.45,-74.2
Radium Hot Springs,50.62,-116.07
Radville,49.46,-104.29
Rainbow Lake,58.5,-119.4
Rainy River,48.72,-94.56
Raith,48.82,-89.91
Raleigh,51.55,-55.72
Rama Road,44.65,-79.34
Rapid City,50.12,-100.03
Rawdon,46.05,-73.71
Raymond,45.2,-79.42
Raymore,51.4,-104.52
Red Bay,44.8,-81.28
Red Deer,52.26,-113.81
Red Harbour,47.29,-55.0
Red Lake Road,49.96,-93.35
Red Rock,46.25,-66.68
Red Sucker Lake,54.16,-93.56
Redcliff,50.07,-110.78
Redditt,49.97,-94.38
Redvers,49.57,-101.7
Redwater,53.95,-113.1
Reefs Harbour,51.01,-57.01
Regina,50.45,-104.6
Regina Beach,50.78,-104.97
Reinland,49.04,-97.87
Rémigny,47.76,-79.2
Rencontre East,47.63,-55.21
Renfrew,45.47,-76.68
Rennie,49.85,-95.55
Renous,46.81,-65.79
Repentigny,45.73,-73.46
Reston,49.55,-101.09
Revelstoke,45.35,-75.69
Rexton,46.64,-64.87
Rhein,51.35,-102.19
Riceville,45.43,-74.95
Richards Landing,46.29,-84.03
Richer,49.65,-96.45
Richibucto,46.68,-64.86
Richibucto-Village,46.65,-64.75
Richmond,42.76,-80.84
Richmond Hill,43.87,-79.43
Richmound,50.45,-109.75
Rideau Ferry,44.85,-76.14
Ridgetown,42.44,-81.88
Riding Mountain,50.53,-99.46
Rigaud,45.48,-74.3
Rigolet,54.17,-58.43
Riley Brook,47.17,-67.21
Rimbey,52.63,-114.23
Rimouski,48.45,-68.53
Riondel,49.76,-116.85
Ripley,44.07,-81.58
Ripon,45.78,-75.1
River Hebert,45.69,-64.37
River John,45.75,-63.05
River of Ponds,50.53,-57.38
River Valley,44.26,-77.55
Riverhead,43.57,-65.59
Riverhurst,50.9,-106.86
Riverport,44.29,-64.32
Rivers,50.03,-100.23
Riverside-Albert,45.74,-64.74
Riverton,45.52,-62.67
Riverview,43.59,-79.72
Rivière-au-Renard,48.99,-64.38
Rivière-Bleue,47.43,-69.05
Rivière-du-Loup,47.83,-69.53
Rivière-du-Portage,47.42,-64.93
Rivière-Ouelle,47.43,-70.01
Rivière-Portneuf,48.62,-69.09
Rivière-Verte,47.32,-68.14
Robb,53.23,-116.97
Robert's Arm,49.47,-55.83
Roberts Creek,49.41,-123.65
Roberval,48.51,-72.23
Robinsonville,47.87,-66.94
Roblin,44.37,-77.02
Robsart,49.38,-109.28
Rocanville,50.38,-101.69
Roche Percee,49.06,-102.8
Rochester,54.37,-113.46
Rochon Sands,52.45,-112.87
Rockglen,49.18,-105.94
Rockland,43.73,-65.07
Rockport,44.37,-75.93
Rockwood,43.61,-80.13
Rocky Harbour,49.59,-57.91
Rocky Mountain House,52.37,-114.92
Rockyford,51.23,-113.14
Rodney,42.56,-81.68
Rogersville,46.73,-65.42
Roland,49.36,-97.94
Rolla,55.9,-120.13
Rollet,47.91,-79.24
Rolling Hills,50.22,-111.77
Rolphton,46.17,-77.69
Rorketon,51.38,-99.58
Rosalind,52.78,-112.44
Rose Blanche-Harbour Le Cou,47.62,-58.69
Rose Valley,52.29,-103.8
Rosebud,51.29,-112.95
Rosemary,50.75,-112.08
Roseneath,44.19,-78.05
Rosenfeld,49.19,-97.54
Rosenort,49.45,-97.43
Rosetown,49.04,-97.74
Roslin,44.34,-77.33
Rossburn,50.66,-100.81
Rosseau,45.25,-79.64
Rossland,49.07,-117.8
Rossmore,44.13,-77.38
Rossport,48.83,-87.52
Rosthern,52.66,-106.33
Rothesay,45.38,-65.96
Rouleau,50.19,-104.9
Round Hill,44.77,-65.4
Round Lake Centre,45.61,-77.53
Rouyn-Noranda,48.23,-79.01
Roxton Falls,45.56,-72.51
Roxton Pond,45.48,-72.66
Royston,49.65,-124.95
Ruisseau-Gagnon,48.72,-67.41
Rusagonis,45.8,-66.62
Rushoon,47.35,-54.92
Russell,45.25,-75.35
Rycroft,55.75,-118.7
Ryley,53.29,-112.42
Saanich,48.45,-123.37
Sable River,43.84,-65.05
Sackville,45.91,-64.38
Saddle Lake,53.96,-111.69
Sagamok,46.15,-82.1
Saguenay,48.41,-71.06
Saint Andrews,45.07,-67.05
Saint John,45.25,-66.03
Saint-Adrien,45.81,-71.71
Saint-Agapit,46.56,-71.43
Saint-Alban,46.71,-72.08
Saint-Alexandre,45.23,-73.11
Saint-Alexandre-de-Kamouraska,47.68,-69.63
Saint-Alexis-des-Monts,46.46,-73.13
Saint-Ambroise,48.55,-71.33
Saint-André,47.13,-67.74
Saint-André-Avellin,45.71,-75.06
Saint-André-Est,45.55,-74.33
Saint-Anselme,46.06,-64.71
Saint-Antoine,45.76,-73.98
Saint-Antonin,47.76,-69.48
Saint-Apollinaire,46.61,-71.51
Saint-Arthur,47.88,-66.75
Saint-Augustin,45.62,-73.98
Saint-Barnabé-Nord,46.39,-72.88
Saint-Basile,46.75,-71.81
Saint-Bernard,46.5,-71.13
Saint-Bernard-sur-Mer,47.41,-70.38
Saint-Bruno,48.29,-70.82
Saint-Camille-de-Bellechasse,46.49,-70.21
Saint-Casimir,46.65,-72.13
Saint-Célestin,46.21,-72.43
Saint-Césaire,45.41,-73.0
Saint-Charles-de-Bellechasse,46.76,-70.95
Saint-Charles-sur-Richelieu,45.68,-73.18
Saint-Chrysostome,45.1,-73.76
Saint-Coeur-de-Marie,48.63,-71.69
Saint-Côme,46.26,-73.78
Saint-Cyprien,46.35,-70.26
Saint-Cyrille-de-L'Islet,47.03,-70.27
Saint-Cyrille-de-Wendover,45.93,-72.43
Saint-Damase,45.53,-73.0
Saint-Damien-de-Buckland,46.63,-70.66
Saint-David-de-Falardeau,48.61,-71.11
Saint-Denis-sur-Richelieu,45.78,-73.15
Saint-Dominique,45.56,-72.85
Saint-Donat-de-Montcalm,46.31,-74.22
Sainte-Adèle,45.95,-74.13
Sainte-Agathe-de-Lotbinière,46.38,-71.41
Sainte-Agathe-des-Monts,46.05,-74.28
Sainte-Angèle-de-Mérici,48.53,-68.08
Sainte-Anne-de-Beaupré,47.01,-70.93
Sainte-Anne-de-Kent,46.55,-64.77
Sainte-Anne-de-la-Pérade,46.58,-72.2
Sainte-Anne-de-Madawaska,47.24,-68.02
Sainte-Anne-des-Plaines,45.76,-73.81
Sainte-Apolline,46.8,-70.19
Sainte-Blandine,48.36,-68.45
Sainte-Cécile-de-Masham,45.64,-76.03
Sainte-Claire,46.6,-70.86
Sainte-Clotilde-de-Horton,45.98,-72.23
Sainte-Croix,46.61,-71.73
Saint-Édouard,45.23,-73.51
Sainte-Émélie-de-l'Énergie,46.31,-73.65
Sainte-Famille,46.96,-70.96
Sainte-Félicité,46.95,-69.93
Sainte-Florence,48.26,-67.23
Sainte-Hélène-de-Bagot,45.73,-72.73
Sainte-Hélène-de-Kamouraska,47.6,-69.73
Sainte-Jeanne-d'Arc,45.71,-72.41
Sainte-Julie,45.58,-73.33
Sainte-Justine,46.4,-70.35
Sainte-Luce,48.55,-68.38
Saint-Elzéar,46.4,-71.06
Sainte-Madeleine,45.6,-73.1
Sainte-Marie,46.45,-71.03
Sainte-Marie-Saint-Raphaël,47.77,-64.57
Sainte-Martine,45.25,-73.8
Sainte-Monique,45.66,-74.0
Sainte-Pétronille,46.85,-71.13
Saint-Éphrem-de-Beauce,46.06,-70.95
Saint-Épiphane,47.9,-69.33
Sainte-Rose-du-Nord,48.38,-70.58
Sainte-Rose-Gloucester,47.61,-64.93
Sainte-Thècle,46.81,-72.5
Saint-Eustache,45.56,-73.9
Sainte-Véronique,46.51,-74.99
Saint-Fabien,46.43,-64.87
Saint-Félicien,48.65,-72.45
Saint-Félix-de-Kingsey,45.8,-72.18
Saint-Félix-de-Valois,46.16,-73.43
Saint-Ferdinand,46.1,-71.56
Saint-Fidèle,47.73,-69.99
Saint-François de Madawaska,47.24,-68.7
Saint-Fulgence,48.45,-70.9
Saint-Gabriel,46.3,-73.38
Saint-Gabriel-de-Rimouski,48.41,-68.16
Saint-Gédéon,48.5,-71.76
Saint-Georges,46.11,-70.66
Saint-Germain-de-Grantham,45.83,-72.56
Saint-Gervais,46.71,-70.88
Saint-Grégoire,46.27,-72.51
Saint-Guillaume,45.88,-72.76
Saint-Hilarion,47.56,-70.4
Saint-Honoré,48.53,-71.08
Saint-Honoré-de-Témiscouata,47.7,-69.13
Saint-Hubert-de-Rivière-du-Loup,47.81,-69.15
Saint-Hugues,45.8,-72.86
Saint-Hyacinthe,45.61,-72.95
Saint-Ignace,46.69,-65.07
Saint-Isidore,45.3,-73.68
Saint-Jacques,45.95,-73.56
Saint-Jean-Baptiste,45.51,-73.11
Saint-Jean-Baptiste-de-Restigouche,47.76,-67.21
Saint-Jean-de-Dieu,48.0,-69.05
Saint-Jean-de-Matha,46.23,-73.53
Saint-Jean-Port-Joli,47.21,-70.26
Saint-Jean-sur-Richelieu,45.31,-73.26
Saint-Jérôme,45.78,-74.0
Saint-Joseph-de-Beauce,46.3,-70.88
Saint-Jovite,46.11,-74.59
Saint-Just-de-Bretenières,46.56,-70.1
Saint-Lambert-de-Lévis,46.58,-71.21
Saint-Lazare-de-Bellechasse,46.65,-70.8
Saint-Léolin,47.77,-65.16
Saint-Léonard-d'Aston,46.1,-72.36
Saint-Liboire,45.65,-72.76
Saint-Louis de Kent,46.73,-64.97
Saint-Louis-de-Gonzague,45.2,-73.98
Saint-Magloire,46.58,-70.28
Saint-Malo,45.2,-71.5
Saint-Marc-des-Carrières,46.68,-72.05
Saint-Martin,45.96,-70.65
Saint-Martin-de-Restigouche,47.56,-67.33
Saint-Michel,45.23,-73.56
Saint-Michel-de-Bellechasse,46.86,-70.91
Saint-Michel-des-Saints,46.68,-73.91
Saint-Nicéphore,45.82,-72.41
Saint-Noël,48.58,-67.83
Saint-Odilon,46.35,-70.67
Saint-Ours,45.88,-73.15
Saint-Pacôme,47.4,-69.95
Saint-Pamphile,46.96,-69.78
Saint-Pascal,47.53,-69.8
Saint-Paul,45.43,-72.88
Saint-Paul-de-Montminy,46.73,-70.36
Saint-Paulin,46.41,-73.03
Saint-Philémon,46.68,-70.45
Saint-Philippe-de-Néri,47.46,-69.88
Saint-Pie,45.5,-72.9
Saint-Pierre-les-Becquets,46.5,-72.2
Saint-Prosper-de-Dorchester,46.21,-70.48
Saint-Quentin,47.51,-67.39
Saint-Raphaël,46.8,-70.75
Saint-Raymond,46.9,-71.83
Saint-Rémi,45.26,-73.61
Saint-Roch-des-Aulnaies,47.31,-70.18
Saint-Sauveur,45.9,-74.16
Saint-Siméon,47.83,-69.88
Saint-Sylvestre,46.36,-71.23
Saint-Théophile,45.93,-70.48
Saint-Tite,46.73,-72.56
Saint-Ubalde,46.75,-72.26
Saint-Ulric,48.78,-67.7
Saint-Vallier,46.88,-70.81
Saint-Victor,46.15,-70.9
Saint-Wenceslas,46.16,-72.33
Saint-Zacharie,45.59,-71.96
Saint-Zotique,45.25,-74.25
Salaberry-de-Valleyfield,45.25,-74.13
Salisbury,46.02,-65.04
Salmo,49.19,-117.27
Salmon Arm,50.7,-119.27
Salmon Creek,45.83,-65.83
Salmon River,44.05,-66.16
Saltair,48.95,-123.76
Saltcoats,51.04,-102.16
Saltery Bay,49.78,-124.18
Salvage,48.67,-53.66
Sambro,44.47,-63.6
San Clara,51.49,-101.42
Sandfield,45.7,-81.99
Sandspit,53.25,-131.81
Sandy Bay,50.55,-98.64
Sandy Beach,44.58,-79.34
Sandy Lake,50.52,-100.17
Sandy Point,43.7,-65.32
Sanford,47.48,-72.2
Sangudo,53.88,-114.9
Sanmaur,47.89,-73.79
Sarnia,42.98,-82.31
Sarsfield,45.44,-75.34
Saskatoon,52.13,-106.68
Sauble Beach,44.63,-81.26
Saugeen Shores,44.4,-81.37
Saulnierville,44.26,-66.12
Sault Ste. Marie,46.55,-84.34
Sault-au-Mouton,48.54,-69.25
Saumarez,47.49,-64.93
Savona,50.75,-120.83
Sawyerville,45.33,-71.56
Sayabec,48.56,-67.68
Sayward,50.37,-125.95
Scandia,50.27,-112.04
Sceptre,50.86,-109.26
Schefferville,54.8,-66.83
Schomberg,44.0,-79.68
Schreiber,48.8,-87.26
Schuler,50.33,-110.1
Scotch Creek,50.9,-119.45
Scots Bay,45.3,-64.39
Scotstown,45.53,-71.28
Scott,43.1,-79.09
Scoudouc,46.16,-64.56
Seaforth,43.55,-81.39
Seal Cove,44.65,-66.84
Searchmont,46.78,-84.05
Seba Beach,53.55,-114.73
Sechelt,49.47,-123.76
Sedgewick,52.77,-111.69
Sedley,50.17,-104.01
Seebe,51.09,-115.05
Seeleys Bay,44.47,-76.23
Seine River Village,48.72,-92.42
Selkirk,42.83,-79.93
Semans,51.4,-104.73
Senlac,52.49,-109.7
Senneterre,48.38,-77.23
Sept-Îles,50.21,-66.38
Seven Persons,49.87,-110.9
Sevogle,47.08,-65.82
Sexsmith,55.35,-118.78
Shag Harbour,43.49,-65.71
Shalalth,50.72,-122.21
Shallow Lake,44.61,-81.08
Shamattawa,55.85,-92.08
Sharon,42.89,-81.35
Shaunavon,49.65,-108.41
Shawinigan,46.56,-72.75
Shawnigan Lake,48.65,-123.62
Shawville,45.6,-76.48
Shebandowan,48.62,-90.06
Shediac,46.22,-64.53
Shediac Bridge,46.27,-64.58
Sheet Harbour,44.92,-62.53
Sheguiandah,45.89,-81.92
Sheho,51.58,-103.21
Shelburne,43.76,-65.32
Shell Lake,53.3,-107.06
Shellbrook,53.22,-106.38
Sherbrooke,45.14,-61.98
Sherridon,55.12,-101.08
Sherwood Park,44.67,-63.66
Sheshatshiu,53.51,-60.14
Sheshegwaning,45.93,-82.84
Shippagan,47.73,-64.72
Shoal Lake,49.61,-95.1
Shubenacadie,45.08,-63.4
Shuswap Falls,50.29,-118.81
Sicamous,50.83,-118.98
Sidney,48.65,-123.39
Siegas,47.21,-67.98
Sifton,51.36,-100.14
Sillikers,46.94,-65.87
Silver Sands,53.63,-114.65
Silverton,49.95,-117.35
Simcoe,42.84,-80.31
Simpson,51.45,-105.44
Singhampton,44.35,-80.24
Sintaluta,50.47,-103.44
Sioux Lookout,50.09,-91.92
Sioux Valley,49.85,-100.5
Skidegate,53.26,-131.99
Slave Lake,55.28,-114.77
Slesse Park,49.08,-121.81
Sliammon,49.89,-124.6
Slocan,49.76,-117.46
Smeaton,53.49,-104.81
Smiley,51.62,-109.47
Smith,55.16,-114.03
Smithers,54.77,-127.17
Smiths Falls,44.9,-76.01
Smithville,43.09,-79.54
Smoky Lake,54.11,-112.46
Smooth Rock Falls,49.27,-81.62
Snow Lake,54.87,-100.03
Sointula,50.63,-127.01
Sombra,42.71,-82.47
Somerset,45.07,-64.74
Sonningdale,52.38,-107.68
Sooke,48.38,-123.73
Sorel-Tracy,46.04,-73.11
Sorrento,50.88,-119.46
Souris,46.35,-62.25
South Branch,44.81,-75.7
South Brook,45.56,-64.17
South Bruce Peninsula,44.7,-81.21
South Harbour,46.86,-60.46
South Huron,43.31,-81.5
South Indian Lake,56.78,-98.93
South Mountain,44.99,-75.45
South Ohio,43.92,-66.06
South Porcupine,48.48,-81.21
South River,45.84,-79.37
Southampton,44.49,-81.37
Southbank,54.01,-125.76
Southend Reindeer,56.31,-103.26
Southey,50.94,-104.49
Spallumcheen,50.4,-119.21
Spaniard's Bay,47.61,-53.33
Spanish,46.19,-82.34
Sparta,42.7,-81.07
Sparwood,49.73,-114.88
Spences Bridge,50.41,-121.35
Spillimacheen,50.9,-116.36
Spirit River,55.77,-118.83
Spiritwood,53.36,-107.51
Split Lake,56.24,-96.09
Spragge,46.2,-82.65
Sprague,49.03,-95.63
Spring Coulee,49.33,-113.05
Springdale,44.04,-66.09
Springfield,42.82,-80.93
Springhill,45.65,-64.05
Springside,51.34,-102.74
Sproat Lake,49.28,-124.91
Spruce Grove,53.55,-113.9
Spruce View,52.08,-114.31
Sprucedale,45.48,-79.46
Sputinow,53.91,-110.25
Spy Hill,50.6,-101.68
Squamish,49.69,-123.15
Squatec,47.88,-68.72
St. Adolphe,49.67,-97.11
St. Alban's,47.87,-55.84
St. Albert,53.63,-113.62
St. Ambroise,50.25,-98.03
St. Andrews,45.09,-74.79
St. Anthony,51.37,-55.61
St. Benedict,52.56,-105.39
St. Brendan's,48.85,-53.66
St. Bride's,46.92,-54.17
St. Brieux,52.63,-104.88
St. Catharines,43.16,-79.25
St. Claude,49.65,-98.34
St. Eustache,49.97,-97.78
St. George,43.24,-80.25
St. Gregor,52.17,-104.82
St. Hilaire,47.29,-68.39
St. Isidore,45.38,-74.9
St. Jean Baptiste,49.26,-97.33
St. John's,47.48,-52.79
St. Lawrence,46.9,-55.4
St. Louis,46.88,-64.14
St. Lunaire-Griquet,51.52,-55.48
St. Malo,49.31,-96.94
St. Margaret Village,46.98,-60.47
St. Margarets,46.9,-65.19
St. Martins,45.34,-65.55
St. Marys,43.25,-81.13
St. Mary's,46.91,-53.53
St. Paul,53.99,-111.29
St. Pauls,44.34,-79.62
St. Peter's,45.65,-60.87
St. Peters Bay,46.41,-62.58
St. Stephen,45.18,-67.29
St. Teresa,48.36,-58.64
St. Theresa Point,53.81,-94.91
St. Thomas,42.78,-81.18
St. Victor,49.43,-105.86
St. Vincent's-St. Stephen's-Peter's River,46.77,-53.58
St. Walburg,53.62,-109.2
St. Williams,42.66,-80.41
St.-Charles,46.35,-80.47
Stand Off,49.46,-113.3
Standard,51.1,-112.98
Stanhope,45.01,-71.79
Stanley,45.08,-63.92
Stanley Mission,55.41,-104.56
Stanstead Plain,45.01,-72.09
Star City,52.86,-104.33
Starbuck,49.77,-97.61
Stavely,50.16,-113.64
Stayner,44.39,-80.07
Ste. Agathe,49.56,-97.18
Ste. Anne,49.66,-96.64
Ste. Rose du Lac,51.05,-99.52
Steinbach,49.52,-96.68
Stellarton,45.55,-62.65
Stephenville,48.54,-58.54
Stephenville Crossing,48.52,-58.45
Stettler,52.32,-112.7
St-Eugène,45.5,-74.46
Stevensville,42.94,-79.05
Stewart,55.93,-129.99
Stewart Valley,50.59,-107.8
Stewiacke,45.13,-63.34
Stirling,44.29,-77.54
St-Lazare,50.44,-101.3
Stockholm,50.65,-102.3
Stoke,45.53,-71.8
Stokes Bay,45.0,-81.36
Stonewall,50.13,-97.32
Stoney Point/Pointe-aux-Roches,42.3,-82.54
Stony Mountain,50.08,-97.21
Stony Plain,53.52,-114.0
Stony Rapids,59.25,-105.83
Storthoaks,49.38,-101.6
Stouffville,43.97,-79.24
Stoughton,49.67,-103.02
St-Pierre-Jolys,49.44,-96.98
Straffordville,42.74,-80.77
Strasbourg,51.07,-104.95
Stratford,43.37,-80.97
Strathclair,50.4,-100.39
Strathmore,45.19,-74.8
Strathroy,42.96,-81.61
Stratton,48.68,-94.16
Strome,52.81,-112.06
Stukely-Sud,45.31,-72.41
Sturdies Bay,48.87,-123.31
Sturgeon Falls,46.36,-79.92
Sturgis,51.94,-102.54
Sudbury,46.5,-80.97
Suffield,50.21,-111.16
Sugarcane,52.1,-121.98
Sully,47.45,-69.15
Sultan,47.59,-82.75
Summer Beaver,52.74,-88.51
Summerford,49.49,-54.78
Summerland,49.6,-119.68
Summerside,45.6,-61.78
Sun Valley,49.28,-122.73
Sundre,51.79,-114.63
Sundridge,45.71,-62.84
Sunny Corner,46.94,-65.81
Sunnyside,43.63,-79.44
Surrey,45.91,-64.63
Sussex,45.72,-65.51
Sutton,44.3,-79.35
Swan Hills,54.71,-115.4
Swan Lake,49.41,-98.79
Swan River,52.1,-101.26
Sweaburg,43.06,-80.76
Swift Current,50.28,-107.79
Sylvan Lake,52.3,-114.09
Sylvania,52.69,-104.0
Taber,49.78,-112.15
Tabusintac,47.32,-65.01
Tachie,54.65,-124.75
Tadoussac,48.15,-69.71
Taghum,49.48,-117.38
Tahsis,49.91,-126.66
Tamworth,44.48,-76.99
Tangent,55.79,-117.67
Tangier,44.8,-62.69
Tantallon,44.65,-63.9
Tappen,50.78,-119.33
Tara,44.47,-81.14
Taschereau,48.66,-78.68
Tasiujaq,58.7,-69.93
Tatamagouche,45.71,-63.29
Tavistock,43.32,-80.83
Taylor,44.41,-76.21
Taymouth,46.18,-66.6
Tee Lake,46.75,-79.04
Teeswater,43.99,-81.28
Teeterville,42.94,-80.44
Telegraph Creek,57.9,-131.16
Telkwa,54.69,-127.05
Temagami,47.02,-79.97
Témiscaming,46.71,-79.1
Temperance Vale,46.06,-67.24
Terence Bay,44.47,-63.72
Terrace,54.51,-128.59
Terrace Bay,48.78,-87.1
Terrebonne,45.7,-73.63
Terrenceville,47.65,-54.7
Tête-à-la-Baleine,50.7,-59.32
Teulon,50.38,-97.26
Thamesford,43.05,-81.0
Thamesville,42.55,-81.97
The Pas,53.82,-101.25
Thedford,43.16,-81.84
Theodore,51.42,-102.92
Thessalon,46.26,-83.55
Thetford Mines,46.1,-71.3
Thicket Portage,55.31,-97.68
Thivierge,48.08,-65.48
Thompson,49.16,-123.16
Thorhild,54.15,-113.12
Thornbury,44.55,-80.45
Thornloe,47.66,-79.76
Thornton,44.27,-79.72
Thorold,43.07,-79.22
Thorsby,53.22,-114.04
Three Hills,51.7,-113.26
Thrums,49.33,-117.58
Thunder Bay,42.88,-79.03
Thurso,45.6,-75.25
Tignish,46.95,-64.03
Tilbury,42.25,-82.43
Tilley,44.44,-75.98
Tillsonburg,42.86,-80.73
Timber Bay,54.16,-105.67
Timberlea,44.66,-63.74
Timmins,48.47,-81.33
Tingwick,45.88,-71.95
Tintagel,54.2,-125.6
Tisdale,52.84,-104.04
Tiverton,44.26,-81.54
Tlell,53.56,-131.93
Tobermory,45.25,-81.66
Tofield,53.37,-112.66
Tofino,49.15,-125.9
Togo,51.4,-101.58
Toledo,44.74,-75.99
Tomahawk,53.39,-114.76
Tompkins,50.06,-108.79
Topley,54.5,-126.3
Torbay,47.65,-52.75
Toronto,43.67,-79.39
Torquay,49.14,-103.48
Tracadie-Sheila,47.51,-64.91
Tracy,45.67,-66.68
Trail,49.09,-117.7
Treherne,49.62,-98.69
Trenton,44.11,-77.57
Trepassey,46.74,-53.36
Tribune,49.24,-103.82
Tring-Jonction,46.26,-70.98
Trochu,51.82,-113.22
Trois-Pistoles,48.11,-69.18
Trois-Rivières,46.35,-72.55
Trossachs,49.63,-104.22
Trout Creek,45.98,-79.36
Trout Lake,45.26,-61.45
Trout River,44.99,-74.31
Truemanville,45.85,-64.07
Truro,45.36,-63.27
Tsawwassen,49.01,-123.08
Tugaske,50.87,-106.28
Tulliby Lake,53.71,-110.18
Tumbler Ridge,55.12,-120.99
Turin,42.52,-81.87
Turkey Point,42.69,-80.32
Turner Valley,50.67,-114.28
Turnor Lake,56.47,-108.7
Turtle Creek,45.96,-64.88
Turtleford,53.38,-108.95
Tusket,43.85,-65.97
Tweed,44.47,-77.33
Twillingate,49.64,-54.74
Two Hills,53.71,-111.74
Tyndall,50.08,-96.65
Tyne Valley,46.57,-63.92
Ucluelet,48.94,-125.54
Umiujaq,56.53,-76.55
Union,42.03,-82.67
Union Bay,49.58,-124.88
Upper Fraser,54.11,-121.93
Upper Gagetown,45.84,-66.24
Upper Musquodoboit,45.13,-62.95
Upper Vaughan,44.8,-64.23
Upsalquitch,47.82,-66.88
Upton,45.65,-72.68
Usk,54.63,-128.41
Utopia,44.32,-79.83
Uxbridge,44.14,-79.18
Val Marie,49.24,-107.72
Val Rita,49.44,-82.54
Val-Brillant,48.53,-67.55
Val-Comeau,47.46,-64.88
Valcourt,45.5,-72.35
Val-d'Amour,47.95,-66.68
Val-David,46.03,-74.21
Val-d'Or,48.1,-77.78
Valemount,52.82,-119.28
Vallée-Jonction,46.36,-70.91
Valleyview,44.24,-76.53
Val-Paradis,49.16,-79.28
Van Anda,49.75,-124.55
Vancouver,49.26,-123.11
Vanderhoof,54.01,-124.0
Vanguard,49.9,-107.3
Vankleek Hill,45.52,-74.64
Vanscoy,52.0,-106.97
Varennes,45.68,-73.44
Vars,45.35,-75.35
Vassar,49.09,-95.83
Vaudreuil-Dorion,45.4,-74.03
Vaughan,43.02,-79.55
Vauxhall,50.06,-112.1
Vavenby,51.58,-119.71
Vegreville,53.49,-112.05
Verchères,45.77,-73.35
Vermilion,53.35,-110.85
Vermilion Bay,49.85,-93.38
Verner,46.41,-80.12
Vernon,45.16,-75.46
Verona,44.48,-76.69
Veteran,52.0,-111.12
Vibank,50.33,-103.94
Victoria,43.77,-79.87
Victoria Beach,43.99,-77.86
Victoria Harbour,44.73,-79.76
Victoriaville,46.05,-71.96
Vienna,42.68,-80.79
Viking,53.09,-111.77
Village of Queen Charlotte,53.25,-132.1
Villebois,49.1,-79.15
Ville-Marie,45.51,-73.56
Vilna,54.11,-111.92
Vimy,54.06,-113.65
Vineland,43.15,-79.39
Virden,49.85,-100.93
Virginiatown,48.13,-79.58
Viscount,51.94,-105.64
Vita,49.13,-96.56
Vittoria,42.76,-80.32
Vogar,50.95,-98.64
Vonda,52.32,-106.09
Vulcan,50.4,-113.26
Waasis,45.82,-66.57
Wabamun,53.55,-114.47
Wabana,47.63,-52.94
Wabasca-Desmarais,55.96,-113.85
Wabigoon,49.72,-92.6
Wabowden,54.9,-98.62
Wabush,52.87,-66.89
Wadena,51.94,-103.79
Wainwright,52.83,-110.85
Wakaw,52.64,-105.73
Wakefield,45.63,-75.93
Waldeck,44.62,-65.63
Waldheim,52.62,-106.65
Walhachin,50.75,-120.98
Walkerton,44.12,-81.15
Wallace,43.74,-80.86
Wallaceburg,42.59,-82.38
Walsh,42.76,-80.38
Walters Falls,44.48,-80.7
Walton,43.68,-81.3
Wapella,50.25,-101.97
Warburg,53.17,-114.32
Warkworth,44.2,-77.88
Warman,52.32,-106.58
Warner,43.02,-79.64
Warren,45.84,-64.12
Warwick,43.0,-81.94
Wasa,49.78,-115.73
Wasaga Beach,44.49,-80.01
Washago,44.75,-79.33
Waskada,49.09,-100.8
Waskaganish,51.48,-78.75
Waskatenau,54.09,-112.78
Waswanipi,49.7,-75.96
Waterford,42.93,-80.29
Waterhen,51.83,-99.54
Waterhen Reserve,51.97,-99.59
Waterloo,43.47,-80.54
Waterton Park,49.05,-113.91
Waterville,45.05,-64.67
Watford,42.95,-81.88
Watrous,51.68,-105.46
Watson,52.12,-104.51
Waupoos,44.0,-77.0
Waverley,44.64,-79.82
Wawanesa,49.59,-99.68
Wawota,49.9,-102.02
Webb,50.18,-108.2
Webbwood,46.26,-81.88
Webequie,52.95,-87.37
Wedgeport,43.73,-65.98
Weedon,45.7,-71.46
Weekes,52.56,-102.87
Weldon,45.95,-64.67
Welland,42.99,-79.22
Wellandport,43.0,-79.48
Wellesley,43.55,-80.71
Wellington,43.91,-66.1
Wells,53.1,-121.56
Welsford,45.08,-64.75
Wembley,55.15,-119.14
West Bay,45.37,-64.39
West Chezzetcook,44.71,-63.26
West Dalhousie,44.71,-65.22
West Guilford,45.1,-78.6
West Lorne,42.6,-81.6
West Nipissing,46.44,-80.04
West Vancouver,49.33,-123.15
West Wentworth,45.68,-63.6
Westbank,49.83,-119.63
Western Shore,44.52,-64.3
Westlock,54.15,-113.85
Westmeath,45.81,-76.88
Westport,44.26,-66.35
Westville,45.55,-62.71
Westwold,50.46,-119.75
Wetaskiwin,52.96,-113.37
Weyburn,49.66,-103.85
Weymouth,44.41,-65.99
Whapmagoostui,55.26,-77.44
Wharncliffe,46.4,-83.41
Wheatley,42.09,-82.46
Whistler,50.11,-122.95
Whitbourne,47.42,-53.54
Whitby,43.93,-78.95
Whitchurch-Stouffville,44.0,-79.31
White City,50.43,-104.35
White Fox,53.45,-104.08
White Lake,44.44,-77.46
White River,48.58,-85.25
White Rock,45.05,-64.41
Whitecourt,54.14,-115.68
Whitefish Bay,49.4,-93.95
Whitelaw,56.1,-118.07
Whitemouth,49.95,-95.97
Whitewood,50.33,-102.26
Whitney,45.49,-78.23
Whycocomagh,45.97,-61.11
Wiarton,44.74,-81.13
Wickham,45.64,-66.07
Wicklow,43.99,-77.97
Widewater,55.36,-115.03
Wikwemikong,45.8,-81.71
Wilberforce,45.03,-78.22
Wilcox,50.09,-104.72
Wilkie,52.41,-108.7
Williams Lake,52.12,-122.14
Williamsburg,43.4,-80.49
Williamsford,44.37,-80.86
Willingdon,53.82,-112.11
Willow Bunch,49.39,-105.63
Willow Grove,43.02,-79.99
Willow River,54.06,-122.46
Wilsons Beach,44.93,-66.93
Wimborne,51.86,-113.59
Winchester,45.09,-75.35
Windermere,45.01,-64.74
Windsor,42.3,-82.99
Windthorst,50.1,-102.83
Winfield,43.67,-80.6
Wingham,43.88,-81.3
Winkler,49.18,-97.94
Winlaw,49.61,-117.56
Winneway,47.58,-78.56
Winnipeg,49.88,-97.14
Winnipeg Beach,50.49,-96.97
Winnipegosis,51.64,-99.92
Winterton,47.95,-53.31
Wiseton,51.31,-107.65
Wishart,51.54,-103.97
Witless Bay,47.28,-52.82
Woburn,43.76,-79.22
Woking,55.59,-118.77
Wolfville,45.09,-64.35
Wollaston Lake,58.1,-103.16
Wolseley,44.72,-81.01
Wonowon,56.73,-121.8
Wood Mountain,49.37,-106.38
Woodlands,44.22,-76.51
Woodridge,44.54,-75.74
Woodsdale,50.05,-119.38
Woodstock,43.13,-80.73
Woodville,44.08,-77.09
Wooler,44.15,-77.7
Wotton,45.73,-71.8
Wrentham,49.51,-112.17
Wunnummin Lake,52.93,-89.29
Wyevale,44.65,-79.92
Wymark,50.1,-107.73
Wynndel,49.18,-116.55
Wynyard,51.76,-104.17
Wyoming,42.95,-82.12
Yahk,49.08,-116.08
Yale,49.56,-121.43
Yamachiche,46.26,-72.83
Yamaska,46.0,-72.91
Yarbo,50.69,-101.93
Yarker,44.37,-76.77
Yarmouth,43.83,-66.11
Yarrow,49.08,-122.05
Yellow Creek,52.75,-105.24
Yellow Grass,49.8,-104.16
Ymir,49.28,-117.21
York,43.02,-79.88
York Landing,56.08,-96.1
Yorkton,51.21,-102.46
Youbou,48.86,-124.2
Young,51.76,-105.74
Youngstown,44.39,-78.4
Zealandia,51.61,-107.74
Zeballos,49.98,-126.84
Zenon Park,53.06,-103.75
Zephyr,44.2,-79.26
Zurich,43.42,-81.62
